case_id,url
136542,https://www.law.go.kr/LSW/precInfoP.do?precSeq=136542&mode=0
141833,https://www.law.go.kr/LSW/precInfoP.do?precSeq=141833&mode=0
147388,https://www.law.go.kr/LSW/precInfoP.do?precSeq=147388&mode=0
147646,https://www.law.go.kr/LSW/precInfoP.do?precSeq=147646&mode=0
148245,https://www.law.go.kr/LSW/precInfoP.do?precSeq=148245&mode=0
153152,https://www.law.go.kr/LSW/precInfoP.do?precSeq=153152&mode=0
157591,https://www.law.go.kr/LSW/precInfoP.do?precSeq=157591&mode=0
158078,https://www.law.go.kr/LSW/precInfoP.do?precSeq=158078&mode=0
159828,https://www.law.go.kr/LSW/precInfoP.do?precSeq=159828&mode=0
161727,https://www.law.go.kr/LSW/precInfoP.do?precSeq=161727&mode=0
164631,https://www.law.go.kr/LSW/precInfoP.do?precSeq=164631&mode=0
165605,https://www.law.go.kr/LSW/precInfoP.do?precSeq=165605&mode=0
165712,https://www.law.go.kr/LSW/precInfoP.do?precSeq=165712&mode=0
166714,https://www.law.go.kr/LSW/precInfoP.do?precSeq=166714&mode=0
168021,https://www.law.go.kr/LSW/precInfoP.do?precSeq=168021&mode=0
169072,https://www.law.go.kr/LSW/precInfoP.do?precSeq=169072&mode=0
169077,https://www.law.go.kr/LSW/precInfoP.do?precSeq=169077&mode=0
171104,https://www.law.go.kr/LSW/precInfoP.do?precSeq=171104&mode=0
171125,https://www.law.go.kr/LSW/precInfoP.do?precSeq=171125&mode=0
171227,https://www.law.go.kr/LSW/precInfoP.do?precSeq=171227&mode=0
172096,https://www.law.go.kr/LSW/precInfoP.do?precSeq=172096&mode=0
172163,https://www.law.go.kr/LSW/precInfoP.do?precSeq=172163&mode=0
173034,https://www.law.go.kr/LSW/precInfoP.do?precSeq=173034&mode=0
173042,https://www.law.go.kr/LSW/precInfoP.do?precSeq=173042&mode=0
173074,https://www.law.go.kr/LSW/precInfoP.do?precSeq=173074&mode=0
173196,https://www.law.go.kr/LSW/precInfoP.do?precSeq=173196&mode=0
173290,https://www.law.go.kr/LSW/precInfoP.do?precSeq=173290&mode=0
176456,https://www.law.go.kr/LSW/precInfoP.do?precSeq=176456&mode=0
177994,https://www.law.go.kr/LSW/precInfoP.do?precSeq=177994&mode=0
178403,https://www.law.go.kr/LSW/precInfoP.do?precSeq=178403&mode=0
178410,https://www.law.go.kr/LSW/precInfoP.do?precSeq=178410&mode=0
178422,https://www.law.go.kr/LSW/precInfoP.do?precSeq=178422&mode=0
178579,https://www.law.go.kr/LSW/precInfoP.do?precSeq=178579&mode=0
178590,https://www.law.go.kr/LSW/precInfoP.do?precSeq=178590&mode=0
179978,https://www.law.go.kr/LSW/precInfoP.do?precSeq=179978&mode=0
180048,https://www.law.go.kr/LSW/precInfoP.do?precSeq=180048&mode=0
182452,https://www.law.go.kr/LSW/precInfoP.do?precSeq=182452&mode=0
182454,https://www.law.go.kr/LSW/precInfoP.do?precSeq=182454&mode=0
185419,https://www.law.go.kr/LSW/precInfoP.do?precSeq=185419&mode=0
192395,https://www.law.go.kr/LSW/precInfoP.do?precSeq=192395&mode=0
192408,https://www.law.go.kr/LSW/precInfoP.do?precSeq=192408&mode=0
193173,https://www.law.go.kr/LSW/precInfoP.do?precSeq=193173&mode=0
193208,https://www.law.go.kr/LSW/precInfoP.do?precSeq=193208&mode=0
193296,https://www.law.go.kr/LSW/precInfoP.do?precSeq=193296&mode=0
193316,https://www.law.go.kr/LSW/precInfoP.do?precSeq=193316&mode=0
193754,https://www.law.go.kr/LSW/precInfoP.do?precSeq=193754&mode=0
194812,https://www.law.go.kr/LSW/precInfoP.do?precSeq=194812&mode=0
197607,https://www.law.go.kr/LSW/precInfoP.do?precSeq=197607&mode=0
197809,https://www.law.go.kr/LSW/precInfoP.do?precSeq=197809&mode=0
199732,https://www.law.go.kr/LSW/precInfoP.do?precSeq=199732&mode=0
201990,https://www.law.go.kr/LSW/precInfoP.do?precSeq=201990&mode=0
202088,https://www.law.go.kr/LSW/precInfoP.do?precSeq=202088&mode=0
203715,https://www.law.go.kr/LSW/precInfoP.do?precSeq=203715&mode=0
203716,https://www.law.go.kr/LSW/precInfoP.do?precSeq=203716&mode=0
205547,https://www.law.go.kr/LSW/precInfoP.do?precSeq=205547&mode=0
205570,https://www.law.go.kr/LSW/precInfoP.do?precSeq=205570&mode=0
207186,https://www.law.go.kr/LSW/precInfoP.do?precSeq=207186&mode=0
207190,https://www.law.go.kr/LSW/precInfoP.do?precSeq=207190&mode=0
209708,https://www.law.go.kr/LSW/precInfoP.do?precSeq=209708&mode=0
210138,https://www.law.go.kr/LSW/precInfoP.do?precSeq=210138&mode=0
210851,https://www.law.go.kr/LSW/precInfoP.do?precSeq=210851&mode=0
211034,https://www.law.go.kr/LSW/precInfoP.do?precSeq=211034&mode=0
211106,https://www.law.go.kr/LSW/precInfoP.do?precSeq=211106&mode=0
211906,https://www.law.go.kr/LSW/precInfoP.do?precSeq=211906&mode=0
212108,https://www.law.go.kr/LSW/precInfoP.do?precSeq=212108&mode=0
212537,https://www.law.go.kr/LSW/precInfoP.do?precSeq=212537&mode=0
212841,https://www.law.go.kr/LSW/precInfoP.do?precSeq=212841&mode=0
213208,https://www.law.go.kr/LSW/precInfoP.do?precSeq=213208&mode=0
213358,https://www.law.go.kr/LSW/precInfoP.do?precSeq=213358&mode=0
213360,https://www.law.go.kr/LSW/precInfoP.do?precSeq=213360&mode=0
213376,https://www.law.go.kr/LSW/precInfoP.do?precSeq=213376&mode=0
214673,https://www.law.go.kr/LSW/precInfoP.do?precSeq=214673&mode=0
214785,https://www.law.go.kr/LSW/precInfoP.do?precSeq=214785&mode=0
215396,https://www.law.go.kr/LSW/precInfoP.do?precSeq=215396&mode=0
216612,https://www.law.go.kr/LSW/precInfoP.do?precSeq=216612&mode=0
216642,https://www.law.go.kr/LSW/precInfoP.do?precSeq=216642&mode=0
216796,https://www.law.go.kr/LSW/precInfoP.do?precSeq=216796&mode=0
216812,https://www.law.go.kr/LSW/precInfoP.do?precSeq=216812&mode=0
216814,https://www.law.go.kr/LSW/precInfoP.do?precSeq=216814&mode=0
216831,https://www.law.go.kr/LSW/precInfoP.do?precSeq=216831&mode=0
216984,https://www.law.go.kr/LSW/precInfoP.do?precSeq=216984&mode=0
217067,https://www.law.go.kr/LSW/precInfoP.do?precSeq=217067&mode=0
217107,https://www.law.go.kr/LSW/precInfoP.do?precSeq=217107&mode=0
217138,https://www.law.go.kr/LSW/precInfoP.do?precSeq=217138&mode=0
217170,https://www.law.go.kr/LSW/precInfoP.do?precSeq=217170&mode=0
220157,https://www.law.go.kr/LSW/precInfoP.do?precSeq=220157&mode=0
224131,https://www.law.go.kr/LSW/precInfoP.do?precSeq=224131&mode=0
224713,https://www.law.go.kr/LSW/precInfoP.do?precSeq=224713&mode=0
224841,https://www.law.go.kr/LSW/precInfoP.do?precSeq=224841&mode=0
225599,https://www.law.go.kr/LSW/precInfoP.do?precSeq=225599&mode=0
225786,https://www.law.go.kr/LSW/precInfoP.do?precSeq=225786&mode=0
226034,https://www.law.go.kr/LSW/precInfoP.do?precSeq=226034&mode=0
226185,https://www.law.go.kr/LSW/precInfoP.do?precSeq=226185&mode=0
227242,https://www.law.go.kr/LSW/precInfoP.do?precSeq=227242&mode=0
227620,https://www.law.go.kr/LSW/precInfoP.do?precSeq=227620&mode=0
230020,https://www.law.go.kr/LSW/precInfoP.do?precSeq=230020&mode=0
230255,https://www.law.go.kr/LSW/precInfoP.do?precSeq=230255&mode=0
230405,https://www.law.go.kr/LSW/precInfoP.do?precSeq=230405&mode=0
232488,https://www.law.go.kr/LSW/precInfoP.do?precSeq=232488&mode=0
233002,https://www.law.go.kr/LSW/precInfoP.do?precSeq=233002&mode=0
233128,https://www.law.go.kr/LSW/precInfoP.do?precSeq=233128&mode=0
234019,https://www.law.go.kr/LSW/precInfoP.do?precSeq=234019&mode=0
234275,https://www.law.go.kr/LSW/precInfoP.do?precSeq=234275&mode=0
235856,https://www.law.go.kr/LSW/precInfoP.do?precSeq=235856&mode=0
236783,https://www.law.go.kr/LSW/precInfoP.do?precSeq=236783&mode=0
236988,https://www.law.go.kr/LSW/precInfoP.do?precSeq=236988&mode=0
237064,https://www.law.go.kr/LSW/precInfoP.do?precSeq=237064&mode=0
237251,https://www.law.go.kr/LSW/precInfoP.do?precSeq=237251&mode=0
237299,https://www.law.go.kr/LSW/precInfoP.do?precSeq=237299&mode=0
237790,https://www.law.go.kr/LSW/precInfoP.do?precSeq=237790&mode=0
237932,https://www.law.go.kr/LSW/precInfoP.do?precSeq=237932&mode=0
238135,https://www.law.go.kr/LSW/precInfoP.do?precSeq=238135&mode=0
238397,https://www.law.go.kr/LSW/precInfoP.do?precSeq=238397&mode=0
238410,https://www.law.go.kr/LSW/precInfoP.do?precSeq=238410&mode=0
238489,https://www.law.go.kr/LSW/precInfoP.do?precSeq=238489&mode=0
238498,https://www.law.go.kr/LSW/precInfoP.do?precSeq=238498&mode=0
238550,https://www.law.go.kr/LSW/precInfoP.do?precSeq=238550&mode=0
238649,https://www.law.go.kr/LSW/precInfoP.do?precSeq=238649&mode=0
238679,https://www.law.go.kr/LSW/precInfoP.do?precSeq=238679&mode=0
238701,https://www.law.go.kr/LSW/precInfoP.do?precSeq=238701&mode=0
238789,https://www.law.go.kr/LSW/precInfoP.do?precSeq=238789&mode=0
239905,https://www.law.go.kr/LSW/precInfoP.do?precSeq=239905&mode=0
239975,https://www.law.go.kr/LSW/precInfoP.do?precSeq=239975&mode=0
240038,https://www.law.go.kr/LSW/precInfoP.do?precSeq=240038&mode=0
240099,https://www.law.go.kr/LSW/precInfoP.do?precSeq=240099&mode=0
240110,https://www.law.go.kr/LSW/precInfoP.do?precSeq=240110&mode=0
240136,https://www.law.go.kr/LSW/precInfoP.do?precSeq=240136&mode=0
240139,https://www.law.go.kr/LSW/precInfoP.do?precSeq=240139&mode=0
240648,https://www.law.go.kr/LSW/precInfoP.do?precSeq=240648&mode=0
240944,https://www.law.go.kr/LSW/precInfoP.do?precSeq=240944&mode=0
241290,https://www.law.go.kr/LSW/precInfoP.do?precSeq=241290&mode=0
241679,https://www.law.go.kr/LSW/precInfoP.do?precSeq=241679&mode=0
242289,https://www.law.go.kr/LSW/precInfoP.do?precSeq=242289&mode=0
242301,https://www.law.go.kr/LSW/precInfoP.do?precSeq=242301&mode=0
242303,https://www.law.go.kr/LSW/precInfoP.do?precSeq=242303&mode=0
242463,https://www.law.go.kr/LSW/precInfoP.do?precSeq=242463&mode=0
242497,https://www.law.go.kr/LSW/precInfoP.do?precSeq=242497&mode=0
242529,https://www.law.go.kr/LSW/precInfoP.do?precSeq=242529&mode=0
242533,https://www.law.go.kr/LSW/precInfoP.do?precSeq=242533&mode=0
242535,https://www.law.go.kr/LSW/precInfoP.do?precSeq=242535&mode=0
242537,https://www.law.go.kr/LSW/precInfoP.do?precSeq=242537&mode=0
242549,https://www.law.go.kr/LSW/precInfoP.do?precSeq=242549&mode=0
242561,https://www.law.go.kr/LSW/precInfoP.do?precSeq=242561&mode=0
242597,https://www.law.go.kr/LSW/precInfoP.do?precSeq=242597&mode=0
242775,https://www.law.go.kr/LSW/precInfoP.do?precSeq=242775&mode=0
242801,https://www.law.go.kr/LSW/precInfoP.do?precSeq=242801&mode=0
242807,https://www.law.go.kr/LSW/precInfoP.do?precSeq=242807&mode=0
243193,https://www.law.go.kr/LSW/precInfoP.do?precSeq=243193&mode=0
243199,https://www.law.go.kr/LSW/precInfoP.do?precSeq=243199&mode=0
243569,https://www.law.go.kr/LSW/precInfoP.do?precSeq=243569&mode=0
244066,https://www.law.go.kr/LSW/precInfoP.do?precSeq=244066&mode=0
244180,https://www.law.go.kr/LSW/precInfoP.do?precSeq=244180&mode=0
244251,https://www.law.go.kr/LSW/precInfoP.do?precSeq=244251&mode=0
244290,https://www.law.go.kr/LSW/precInfoP.do?precSeq=244290&mode=0
244292,https://www.law.go.kr/LSW/precInfoP.do?precSeq=244292&mode=0
244608,https://www.law.go.kr/LSW/precInfoP.do?precSeq=244608&mode=0
244677,https://www.law.go.kr/LSW/precInfoP.do?precSeq=244677&mode=0
244794,https://www.law.go.kr/LSW/precInfoP.do?precSeq=244794&mode=0
244968,https://www.law.go.kr/LSW/precInfoP.do?precSeq=244968&mode=0
245086,https://www.law.go.kr/LSW/precInfoP.do?precSeq=245086&mode=0
245120,https://www.law.go.kr/LSW/precInfoP.do?precSeq=245120&mode=0
245416,https://www.law.go.kr/LSW/precInfoP.do?precSeq=245416&mode=0
245540,https://www.law.go.kr/LSW/precInfoP.do?precSeq=245540&mode=0
245616,https://www.law.go.kr/LSW/precInfoP.do?precSeq=245616&mode=0
246399,https://www.law.go.kr/LSW/precInfoP.do?precSeq=246399&mode=0
248272,https://www.law.go.kr/LSW/precInfoP.do?precSeq=248272&mode=0
248472,https://www.law.go.kr/LSW/precInfoP.do?precSeq=248472&mode=0
248632,https://www.law.go.kr/LSW/precInfoP.do?precSeq=248632&mode=0
248746,https://www.law.go.kr/LSW/precInfoP.do?precSeq=248746&mode=0
248856,https://www.law.go.kr/LSW/precInfoP.do?precSeq=248856&mode=0
248926,https://www.law.go.kr/LSW/precInfoP.do?precSeq=248926&mode=0
248994,https://www.law.go.kr/LSW/precInfoP.do?precSeq=248994&mode=0
249094,https://www.law.go.kr/LSW/precInfoP.do?precSeq=249094&mode=0
249576,https://www.law.go.kr/LSW/precInfoP.do?precSeq=249576&mode=0
250094,https://www.law.go.kr/LSW/precInfoP.do?precSeq=250094&mode=0
251630,https://www.law.go.kr/LSW/precInfoP.do?precSeq=251630&mode=0
252228,https://www.law.go.kr/LSW/precInfoP.do?precSeq=252228&mode=0
257862,https://www.law.go.kr/LSW/precInfoP.do?precSeq=257862&mode=0
258392,https://www.law.go.kr/LSW/precInfoP.do?precSeq=258392&mode=0
258398,https://www.law.go.kr/LSW/precInfoP.do?precSeq=258398&mode=0
258566,https://www.law.go.kr/LSW/precInfoP.do?precSeq=258566&mode=0
259696,https://www.law.go.kr/LSW/precInfoP.do?precSeq=259696&mode=0
260550,https://www.law.go.kr/LSW/precInfoP.do?precSeq=260550&mode=0
267596,https://www.law.go.kr/LSW/precInfoP.do?precSeq=267596&mode=0
267842,https://www.law.go.kr/LSW/precInfoP.do?precSeq=267842&mode=0
267848,https://www.law.go.kr/LSW/precInfoP.do?precSeq=267848&mode=0
271344,https://www.law.go.kr/LSW/precInfoP.do?precSeq=271344&mode=0
271424,https://www.law.go.kr/LSW/precInfoP.do?precSeq=271424&mode=0
271452,https://www.law.go.kr/LSW/precInfoP.do?precSeq=271452&mode=0
271454,https://www.law.go.kr/LSW/precInfoP.do?precSeq=271454&mode=0
271478,https://www.law.go.kr/LSW/precInfoP.do?precSeq=271478&mode=0
271484,https://www.law.go.kr/LSW/precInfoP.do?precSeq=271484&mode=0
271506,https://www.law.go.kr/LSW/precInfoP.do?precSeq=271506&mode=0
271516,https://www.law.go.kr/LSW/precInfoP.do?precSeq=271516&mode=0
271530,https://www.law.go.kr/LSW/precInfoP.do?precSeq=271530&mode=0
271532,https://www.law.go.kr/LSW/precInfoP.do?precSeq=271532&mode=0
271536,https://www.law.go.kr/LSW/precInfoP.do?precSeq=271536&mode=0
271544,https://www.law.go.kr/LSW/precInfoP.do?precSeq=271544&mode=0
271546,https://www.law.go.kr/LSW/precInfoP.do?precSeq=271546&mode=0
271548,https://www.law.go.kr/LSW/precInfoP.do?precSeq=271548&mode=0
271684,https://www.law.go.kr/LSW/precInfoP.do?precSeq=271684&mode=0
271702,https://www.law.go.kr/LSW/precInfoP.do?precSeq=271702&mode=0
271768,https://www.law.go.kr/LSW/precInfoP.do?precSeq=271768&mode=0
271858,https://www.law.go.kr/LSW/precInfoP.do?precSeq=271858&mode=0
271930,https://www.law.go.kr/LSW/precInfoP.do?precSeq=271930&mode=0
272144,https://www.law.go.kr/LSW/precInfoP.do?precSeq=272144&mode=0
272208,https://www.law.go.kr/LSW/precInfoP.do?precSeq=272208&mode=0
272260,https://www.law.go.kr/LSW/precInfoP.do?precSeq=272260&mode=0
272262,https://www.law.go.kr/LSW/precInfoP.do?precSeq=272262&mode=0
272512,https://www.law.go.kr/LSW/precInfoP.do?precSeq=272512&mode=0
272634,https://www.law.go.kr/LSW/precInfoP.do?precSeq=272634&mode=0
272690,https://www.law.go.kr/LSW/precInfoP.do?precSeq=272690&mode=0
272708,https://www.law.go.kr/LSW/precInfoP.do?precSeq=272708&mode=0
272840,https://www.law.go.kr/LSW/precInfoP.do?precSeq=272840&mode=0
272848,https://www.law.go.kr/LSW/precInfoP.do?precSeq=272848&mode=0
272960,https://www.law.go.kr/LSW/precInfoP.do?precSeq=272960&mode=0
273178,https://www.law.go.kr/LSW/precInfoP.do?precSeq=273178&mode=0
273180,https://www.law.go.kr/LSW/precInfoP.do?precSeq=273180&mode=0
273194,https://www.law.go.kr/LSW/precInfoP.do?precSeq=273194&mode=0
273196,https://www.law.go.kr/LSW/precInfoP.do?precSeq=273196&mode=0
273212,https://www.law.go.kr/LSW/precInfoP.do?precSeq=273212&mode=0
273262,https://www.law.go.kr/LSW/precInfoP.do?precSeq=273262&mode=0
273340,https://www.law.go.kr/LSW/precInfoP.do?precSeq=273340&mode=0
273380,https://www.law.go.kr/LSW/precInfoP.do?precSeq=273380&mode=0
273386,https://www.law.go.kr/LSW/precInfoP.do?precSeq=273386&mode=0
273424,https://www.law.go.kr/LSW/precInfoP.do?precSeq=273424&mode=0
273436,https://www.law.go.kr/LSW/precInfoP.do?precSeq=273436&mode=0
273450,https://www.law.go.kr/LSW/precInfoP.do?precSeq=273450&mode=0
273452,https://www.law.go.kr/LSW/precInfoP.do?precSeq=273452&mode=0
273552,https://www.law.go.kr/LSW/precInfoP.do?precSeq=273552&mode=0
273554,https://www.law.go.kr/LSW/precInfoP.do?precSeq=273554&mode=0
273576,https://www.law.go.kr/LSW/precInfoP.do?precSeq=273576&mode=0
273582,https://www.law.go.kr/LSW/precInfoP.do?precSeq=273582&mode=0
273600,https://www.law.go.kr/LSW/precInfoP.do?precSeq=273600&mode=0
273692,https://www.law.go.kr/LSW/precInfoP.do?precSeq=273692&mode=0
273694,https://www.law.go.kr/LSW/precInfoP.do?precSeq=273694&mode=0
273700,https://www.law.go.kr/LSW/precInfoP.do?precSeq=273700&mode=0
273704,https://www.law.go.kr/LSW/precInfoP.do?precSeq=273704&mode=0
273758,https://www.law.go.kr/LSW/precInfoP.do?precSeq=273758&mode=0
273770,https://www.law.go.kr/LSW/precInfoP.do?precSeq=273770&mode=0
273778,https://www.law.go.kr/LSW/precInfoP.do?precSeq=273778&mode=0
273804,https://www.law.go.kr/LSW/precInfoP.do?precSeq=273804&mode=0
273814,https://www.law.go.kr/LSW/precInfoP.do?precSeq=273814&mode=0
273816,https://www.law.go.kr/LSW/precInfoP.do?precSeq=273816&mode=0
273842,https://www.law.go.kr/LSW/precInfoP.do?precSeq=273842&mode=0
273918,https://www.law.go.kr/LSW/precInfoP.do?precSeq=273918&mode=0
273934,https://www.law.go.kr/LSW/precInfoP.do?precSeq=273934&mode=0
273948,https://www.law.go.kr/LSW/precInfoP.do?precSeq=273948&mode=0
273950,https://www.law.go.kr/LSW/precInfoP.do?precSeq=273950&mode=0
273976,https://www.law.go.kr/LSW/precInfoP.do?precSeq=273976&mode=0
273996,https://www.law.go.kr/LSW/precInfoP.do?precSeq=273996&mode=0
274092,https://www.law.go.kr/LSW/precInfoP.do?precSeq=274092&mode=0
274094,https://www.law.go.kr/LSW/precInfoP.do?precSeq=274094&mode=0
274100,https://www.law.go.kr/LSW/precInfoP.do?precSeq=274100&mode=0
274140,https://www.law.go.kr/LSW/precInfoP.do?precSeq=274140&mode=0
274144,https://www.law.go.kr/LSW/precInfoP.do?precSeq=274144&mode=0
274168,https://www.law.go.kr/LSW/precInfoP.do?precSeq=274168&mode=0
274170,https://www.law.go.kr/LSW/precInfoP.do?precSeq=274170&mode=0
274326,https://www.law.go.kr/LSW/precInfoP.do?precSeq=274326&mode=0
274328,https://www.law.go.kr/LSW/precInfoP.do?precSeq=274328&mode=0
274390,https://www.law.go.kr/LSW/precInfoP.do?precSeq=274390&mode=0
274412,https://www.law.go.kr/LSW/precInfoP.do?precSeq=274412&mode=0
274458,https://www.law.go.kr/LSW/precInfoP.do?precSeq=274458&mode=0
274470,https://www.law.go.kr/LSW/precInfoP.do?precSeq=274470&mode=0
274530,https://www.law.go.kr/LSW/precInfoP.do?precSeq=274530&mode=0
274552,https://www.law.go.kr/LSW/precInfoP.do?precSeq=274552&mode=0
274566,https://www.law.go.kr/LSW/precInfoP.do?precSeq=274566&mode=0
274612,https://www.law.go.kr/LSW/precInfoP.do?precSeq=274612&mode=0
274798,https://www.law.go.kr/LSW/precInfoP.do?precSeq=274798&mode=0
274880,https://www.law.go.kr/LSW/precInfoP.do?precSeq=274880&mode=0
274948,https://www.law.go.kr/LSW/precInfoP.do?precSeq=274948&mode=0
275040,https://www.law.go.kr/LSW/precInfoP.do?precSeq=275040&mode=0
275042,https://www.law.go.kr/LSW/precInfoP.do?precSeq=275042&mode=0
275146,https://www.law.go.kr/LSW/precInfoP.do?precSeq=275146&mode=0
275184,https://www.law.go.kr/LSW/precInfoP.do?precSeq=275184&mode=0
275186,https://www.law.go.kr/LSW/precInfoP.do?precSeq=275186&mode=0
275188,https://www.law.go.kr/LSW/precInfoP.do?precSeq=275188&mode=0
275190,https://www.law.go.kr/LSW/precInfoP.do?precSeq=275190&mode=0
275206,https://www.law.go.kr/LSW/precInfoP.do?precSeq=275206&mode=0
275288,https://www.law.go.kr/LSW/precInfoP.do?precSeq=275288&mode=0
275314,https://www.law.go.kr/LSW/precInfoP.do?precSeq=275314&mode=0
275366,https://www.law.go.kr/LSW/precInfoP.do?precSeq=275366&mode=0
275426,https://www.law.go.kr/LSW/precInfoP.do?precSeq=275426&mode=0
275446,https://www.law.go.kr/LSW/precInfoP.do?precSeq=275446&mode=0
275458,https://www.law.go.kr/LSW/precInfoP.do?precSeq=275458&mode=0
275478,https://www.law.go.kr/LSW/precInfoP.do?precSeq=275478&mode=0
275502,https://www.law.go.kr/LSW/precInfoP.do?precSeq=275502&mode=0
275554,https://www.law.go.kr/LSW/precInfoP.do?precSeq=275554&mode=0
275624,https://www.law.go.kr/LSW/precInfoP.do?precSeq=275624&mode=0
275642,https://www.law.go.kr/LSW/precInfoP.do?precSeq=275642&mode=0
275672,https://www.law.go.kr/LSW/precInfoP.do?precSeq=275672&mode=0
275704,https://www.law.go.kr/LSW/precInfoP.do?precSeq=275704&mode=0
275810,https://www.law.go.kr/LSW/precInfoP.do?precSeq=275810&mode=0
275846,https://www.law.go.kr/LSW/precInfoP.do?precSeq=275846&mode=0
275884,https://www.law.go.kr/LSW/precInfoP.do?precSeq=275884&mode=0
275900,https://www.law.go.kr/LSW/precInfoP.do?precSeq=275900&mode=0
275914,https://www.law.go.kr/LSW/precInfoP.do?precSeq=275914&mode=0
275918,https://www.law.go.kr/LSW/precInfoP.do?precSeq=275918&mode=0
275920,https://www.law.go.kr/LSW/precInfoP.do?precSeq=275920&mode=0
275964,https://www.law.go.kr/LSW/precInfoP.do?precSeq=275964&mode=0
275972,https://www.law.go.kr/LSW/precInfoP.do?precSeq=275972&mode=0
275992,https://www.law.go.kr/LSW/precInfoP.do?precSeq=275992&mode=0
276006,https://www.law.go.kr/LSW/precInfoP.do?precSeq=276006&mode=0
276136,https://www.law.go.kr/LSW/precInfoP.do?precSeq=276136&mode=0
276138,https://www.law.go.kr/LSW/precInfoP.do?precSeq=276138&mode=0
276246,https://www.law.go.kr/LSW/precInfoP.do?precSeq=276246&mode=0
276400,https://www.law.go.kr/LSW/precInfoP.do?precSeq=276400&mode=0
276416,https://www.law.go.kr/LSW/precInfoP.do?precSeq=276416&mode=0
276578,https://www.law.go.kr/LSW/precInfoP.do?precSeq=276578&mode=0
276648,https://www.law.go.kr/LSW/precInfoP.do?precSeq=276648&mode=0
276752,https://www.law.go.kr/LSW/precInfoP.do?precSeq=276752&mode=0
276882,https://www.law.go.kr/LSW/precInfoP.do?precSeq=276882&mode=0
276956,https://www.law.go.kr/LSW/precInfoP.do?precSeq=276956&mode=0
276958,https://www.law.go.kr/LSW/precInfoP.do?precSeq=276958&mode=0
277394,https://www.law.go.kr/LSW/precInfoP.do?precSeq=277394&mode=0
277624,https://www.law.go.kr/LSW/precInfoP.do?precSeq=277624&mode=0
277636,https://www.law.go.kr/LSW/precInfoP.do?precSeq=277636&mode=0
277760,https://www.law.go.kr/LSW/precInfoP.do?precSeq=277760&mode=0
277772,https://www.law.go.kr/LSW/precInfoP.do?precSeq=277772&mode=0
277788,https://www.law.go.kr/LSW/precInfoP.do?precSeq=277788&mode=0
277798,https://www.law.go.kr/LSW/precInfoP.do?precSeq=277798&mode=0
277862,https://www.law.go.kr/LSW/precInfoP.do?precSeq=277862&mode=0
277876,https://www.law.go.kr/LSW/precInfoP.do?precSeq=277876&mode=0
277908,https://www.law.go.kr/LSW/precInfoP.do?precSeq=277908&mode=0
277974,https://www.law.go.kr/LSW/precInfoP.do?precSeq=277974&mode=0
277984,https://www.law.go.kr/LSW/precInfoP.do?precSeq=277984&mode=0
278020,https://www.law.go.kr/LSW/precInfoP.do?precSeq=278020&mode=0
278076,https://www.law.go.kr/LSW/precInfoP.do?precSeq=278076&mode=0
278106,https://www.law.go.kr/LSW/precInfoP.do?precSeq=278106&mode=0
278172,https://www.law.go.kr/LSW/precInfoP.do?precSeq=278172&mode=0
278226,https://www.law.go.kr/LSW/precInfoP.do?precSeq=278226&mode=0
278258,https://www.law.go.kr/LSW/precInfoP.do?precSeq=278258&mode=0
278268,https://www.law.go.kr/LSW/precInfoP.do?precSeq=278268&mode=0
278270,https://www.law.go.kr/LSW/precInfoP.do?precSeq=278270&mode=0
278476,https://www.law.go.kr/LSW/precInfoP.do?precSeq=278476&mode=0
278626,https://www.law.go.kr/LSW/precInfoP.do?precSeq=278626&mode=0
278642,https://www.law.go.kr/LSW/precInfoP.do?precSeq=278642&mode=0
278664,https://www.law.go.kr/LSW/precInfoP.do?precSeq=278664&mode=0
278706,https://www.law.go.kr/LSW/precInfoP.do?precSeq=278706&mode=0
278740,https://www.law.go.kr/LSW/precInfoP.do?precSeq=278740&mode=0
278752,https://www.law.go.kr/LSW/precInfoP.do?precSeq=278752&mode=0
278776,https://www.law.go.kr/LSW/precInfoP.do?precSeq=278776&mode=0
278856,https://www.law.go.kr/LSW/precInfoP.do?precSeq=278856&mode=0
279182,https://www.law.go.kr/LSW/precInfoP.do?precSeq=279182&mode=0
279216,https://www.law.go.kr/LSW/precInfoP.do?precSeq=279216&mode=0
279280,https://www.law.go.kr/LSW/precInfoP.do?precSeq=279280&mode=0
279524,https://www.law.go.kr/LSW/precInfoP.do?precSeq=279524&mode=0
279526,https://www.law.go.kr/LSW/precInfoP.do?precSeq=279526&mode=0
279576,https://www.law.go.kr/LSW/precInfoP.do?precSeq=279576&mode=0
279606,https://www.law.go.kr/LSW/precInfoP.do?precSeq=279606&mode=0
279626,https://www.law.go.kr/LSW/precInfoP.do?precSeq=279626&mode=0
279762,https://www.law.go.kr/LSW/precInfoP.do?precSeq=279762&mode=0
279778,https://www.law.go.kr/LSW/precInfoP.do?precSeq=279778&mode=0
279788,https://www.law.go.kr/LSW/precInfoP.do?precSeq=279788&mode=0
279824,https://www.law.go.kr/LSW/precInfoP.do?precSeq=279824&mode=0
279842,https://www.law.go.kr/LSW/precInfoP.do?precSeq=279842&mode=0
279972,https://www.law.go.kr/LSW/precInfoP.do?precSeq=279972&mode=0
280100,https://www.law.go.kr/LSW/precInfoP.do?precSeq=280100&mode=0
280176,https://www.law.go.kr/LSW/precInfoP.do?precSeq=280176&mode=0
280182,https://www.law.go.kr/LSW/precInfoP.do?precSeq=280182&mode=0
280210,https://www.law.go.kr/LSW/precInfoP.do?precSeq=280210&mode=0
280244,https://www.law.go.kr/LSW/precInfoP.do?precSeq=280244&mode=0
280502,https://www.law.go.kr/LSW/precInfoP.do?precSeq=280502&mode=0
280560,https://www.law.go.kr/LSW/precInfoP.do?precSeq=280560&mode=0
280706,https://www.law.go.kr/LSW/precInfoP.do?precSeq=280706&mode=0
280820,https://www.law.go.kr/LSW/precInfoP.do?precSeq=280820&mode=0
280824,https://www.law.go.kr/LSW/precInfoP.do?precSeq=280824&mode=0
281024,https://www.law.go.kr/LSW/precInfoP.do?precSeq=281024&mode=0
281326,https://www.law.go.kr/LSW/precInfoP.do?precSeq=281326&mode=0
281568,https://www.law.go.kr/LSW/precInfoP.do?precSeq=281568&mode=0
281826,https://www.law.go.kr/LSW/precInfoP.do?precSeq=281826&mode=0
281968,https://www.law.go.kr/LSW/precInfoP.do?precSeq=281968&mode=0
281978,https://www.law.go.kr/LSW/precInfoP.do?precSeq=281978&mode=0
282026,https://www.law.go.kr/LSW/precInfoP.do?precSeq=282026&mode=0
282050,https://www.law.go.kr/LSW/precInfoP.do?precSeq=282050&mode=0
282164,https://www.law.go.kr/LSW/precInfoP.do?precSeq=282164&mode=0
282262,https://www.law.go.kr/LSW/precInfoP.do?precSeq=282262&mode=0
282384,https://www.law.go.kr/LSW/precInfoP.do?precSeq=282384&mode=0
282502,https://www.law.go.kr/LSW/precInfoP.do?precSeq=282502&mode=0
282600,https://www.law.go.kr/LSW/precInfoP.do?precSeq=282600&mode=0
282628,https://www.law.go.kr/LSW/precInfoP.do?precSeq=282628&mode=0
282630,https://www.law.go.kr/LSW/precInfoP.do?precSeq=282630&mode=0
282692,https://www.law.go.kr/LSW/precInfoP.do?precSeq=282692&mode=0
282904,https://www.law.go.kr/LSW/precInfoP.do?precSeq=282904&mode=0
283106,https://www.law.go.kr/LSW/precInfoP.do?precSeq=283106&mode=0
283294,https://www.law.go.kr/LSW/precInfoP.do?precSeq=283294&mode=0
283632,https://www.law.go.kr/LSW/precInfoP.do?precSeq=283632&mode=0
283858,https://www.law.go.kr/LSW/precInfoP.do?precSeq=283858&mode=0
283874,https://www.law.go.kr/LSW/precInfoP.do?precSeq=283874&mode=0
283944,https://www.law.go.kr/LSW/precInfoP.do?precSeq=283944&mode=0
283980,https://www.law.go.kr/LSW/precInfoP.do?precSeq=283980&mode=0
283990,https://www.law.go.kr/LSW/precInfoP.do?precSeq=283990&mode=0
284012,https://www.law.go.kr/LSW/precInfoP.do?precSeq=284012&mode=0
284110,https://www.law.go.kr/LSW/precInfoP.do?precSeq=284110&mode=0
284174,https://www.law.go.kr/LSW/precInfoP.do?precSeq=284174&mode=0
284182,https://www.law.go.kr/LSW/precInfoP.do?precSeq=284182&mode=0
284452,https://www.law.go.kr/LSW/precInfoP.do?precSeq=284452&mode=0
284510,https://www.law.go.kr/LSW/precInfoP.do?precSeq=284510&mode=0
284584,https://www.law.go.kr/LSW/precInfoP.do?precSeq=284584&mode=0
284642,https://www.law.go.kr/LSW/precInfoP.do?precSeq=284642&mode=0
284760,https://www.law.go.kr/LSW/precInfoP.do?precSeq=284760&mode=0
285032,https://www.law.go.kr/LSW/precInfoP.do?precSeq=285032&mode=0
285056,https://www.law.go.kr/LSW/precInfoP.do?precSeq=285056&mode=0
285134,https://www.law.go.kr/LSW/precInfoP.do?precSeq=285134&mode=0
285198,https://www.law.go.kr/LSW/precInfoP.do?precSeq=285198&mode=0
285218,https://www.law.go.kr/LSW/precInfoP.do?precSeq=285218&mode=0
285684,https://www.law.go.kr/LSW/precInfoP.do?precSeq=285684&mode=0
285712,https://www.law.go.kr/LSW/precInfoP.do?precSeq=285712&mode=0
285738,https://www.law.go.kr/LSW/precInfoP.do?precSeq=285738&mode=0
285950,https://www.law.go.kr/LSW/precInfoP.do?precSeq=285950&mode=0
285988,https://www.law.go.kr/LSW/precInfoP.do?precSeq=285988&mode=0
286410,https://www.law.go.kr/LSW/precInfoP.do?precSeq=286410&mode=0
286418,https://www.law.go.kr/LSW/precInfoP.do?precSeq=286418&mode=0
286482,https://www.law.go.kr/LSW/precInfoP.do?precSeq=286482&mode=0
286600,https://www.law.go.kr/LSW/precInfoP.do?precSeq=286600&mode=0
286810,https://www.law.go.kr/LSW/precInfoP.do?precSeq=286810&mode=0
288142,https://www.law.go.kr/LSW/precInfoP.do?precSeq=288142&mode=0
288868,https://www.law.go.kr/LSW/precInfoP.do?precSeq=288868&mode=0
289016,https://www.law.go.kr/LSW/precInfoP.do?precSeq=289016&mode=0
289158,https://www.law.go.kr/LSW/precInfoP.do?precSeq=289158&mode=0
289198,https://www.law.go.kr/LSW/precInfoP.do?precSeq=289198&mode=0
289870,https://www.law.go.kr/LSW/precInfoP.do?precSeq=289870&mode=0
289914,https://www.law.go.kr/LSW/precInfoP.do?precSeq=289914&mode=0
289966,https://www.law.go.kr/LSW/precInfoP.do?precSeq=289966&mode=0
290110,https://www.law.go.kr/LSW/precInfoP.do?precSeq=290110&mode=0
290306,https://www.law.go.kr/LSW/precInfoP.do?precSeq=290306&mode=0
290350,https://www.law.go.kr/LSW/precInfoP.do?precSeq=290350&mode=0
290408,https://www.law.go.kr/LSW/precInfoP.do?precSeq=290408&mode=0
290496,https://www.law.go.kr/LSW/precInfoP.do?precSeq=290496&mode=0
290570,https://www.law.go.kr/LSW/precInfoP.do?precSeq=290570&mode=0
290638,https://www.law.go.kr/LSW/precInfoP.do?precSeq=290638&mode=0
290686,https://www.law.go.kr/LSW/precInfoP.do?precSeq=290686&mode=0
290964,https://www.law.go.kr/LSW/precInfoP.do?precSeq=290964&mode=0
290994,https://www.law.go.kr/LSW/precInfoP.do?precSeq=290994&mode=0
291014,https://www.law.go.kr/LSW/precInfoP.do?precSeq=291014&mode=0
291048,https://www.law.go.kr/LSW/precInfoP.do?precSeq=291048&mode=0
291050,https://www.law.go.kr/LSW/precInfoP.do?precSeq=291050&mode=0
291122,https://www.law.go.kr/LSW/precInfoP.do?precSeq=291122&mode=0
291128,https://www.law.go.kr/LSW/precInfoP.do?precSeq=291128&mode=0
291210,https://www.law.go.kr/LSW/precInfoP.do?precSeq=291210&mode=0
291304,https://www.law.go.kr/LSW/precInfoP.do?precSeq=291304&mode=0
291396,https://www.law.go.kr/LSW/precInfoP.do?precSeq=291396&mode=0
291398,https://www.law.go.kr/LSW/precInfoP.do?precSeq=291398&mode=0
291488,https://www.law.go.kr/LSW/precInfoP.do?precSeq=291488&mode=0
291504,https://www.law.go.kr/LSW/precInfoP.do?precSeq=291504&mode=0
291540,https://www.law.go.kr/LSW/precInfoP.do?precSeq=291540&mode=0
291654,https://www.law.go.kr/LSW/precInfoP.do?precSeq=291654&mode=0
291768,https://www.law.go.kr/LSW/precInfoP.do?precSeq=291768&mode=0
292402,https://www.law.go.kr/LSW/precInfoP.do?precSeq=292402&mode=0
292404,https://www.law.go.kr/LSW/precInfoP.do?precSeq=292404&mode=0
292880,https://www.law.go.kr/LSW/precInfoP.do?precSeq=292880&mode=0
293158,https://www.law.go.kr/LSW/precInfoP.do?precSeq=293158&mode=0
294744,https://www.law.go.kr/LSW/precInfoP.do?precSeq=294744&mode=0
295334,https://www.law.go.kr/LSW/precInfoP.do?precSeq=295334&mode=0
296290,https://www.law.go.kr/LSW/precInfoP.do?precSeq=296290&mode=0
296450,https://www.law.go.kr/LSW/precInfoP.do?precSeq=296450&mode=0
296496,https://www.law.go.kr/LSW/precInfoP.do?precSeq=296496&mode=0
296498,https://www.law.go.kr/LSW/precInfoP.do?precSeq=296498&mode=0
296522,https://www.law.go.kr/LSW/precInfoP.do?precSeq=296522&mode=0
296524,https://www.law.go.kr/LSW/precInfoP.do?precSeq=296524&mode=0
296600,https://www.law.go.kr/LSW/precInfoP.do?precSeq=296600&mode=0
296680,https://www.law.go.kr/LSW/precInfoP.do?precSeq=296680&mode=0
296698,https://www.law.go.kr/LSW/precInfoP.do?precSeq=296698&mode=0
296758,https://www.law.go.kr/LSW/precInfoP.do?precSeq=296758&mode=0
296826,https://www.law.go.kr/LSW/precInfoP.do?precSeq=296826&mode=0
296948,https://www.law.go.kr/LSW/precInfoP.do?precSeq=296948&mode=0
296976,https://www.law.go.kr/LSW/precInfoP.do?precSeq=296976&mode=0
297102,https://www.law.go.kr/LSW/precInfoP.do?precSeq=297102&mode=0
297148,https://www.law.go.kr/LSW/precInfoP.do?precSeq=297148&mode=0
297174,https://www.law.go.kr/LSW/precInfoP.do?precSeq=297174&mode=0
297176,https://www.law.go.kr/LSW/precInfoP.do?precSeq=297176&mode=0
297182,https://www.law.go.kr/LSW/precInfoP.do?precSeq=297182&mode=0
297364,https://www.law.go.kr/LSW/precInfoP.do?precSeq=297364&mode=0
297366,https://www.law.go.kr/LSW/precInfoP.do?precSeq=297366&mode=0
297484,https://www.law.go.kr/LSW/precInfoP.do?precSeq=297484&mode=0
297488,https://www.law.go.kr/LSW/precInfoP.do?precSeq=297488&mode=0
297490,https://www.law.go.kr/LSW/precInfoP.do?precSeq=297490&mode=0
297558,https://www.law.go.kr/LSW/precInfoP.do?precSeq=297558&mode=0
297656,https://www.law.go.kr/LSW/precInfoP.do?precSeq=297656&mode=0
298062,https://www.law.go.kr/LSW/precInfoP.do?precSeq=298062&mode=0
298158,https://www.law.go.kr/LSW/precInfoP.do?precSeq=298158&mode=0
298194,https://www.law.go.kr/LSW/precInfoP.do?precSeq=298194&mode=0
298228,https://www.law.go.kr/LSW/precInfoP.do?precSeq=298228&mode=0
298386,https://www.law.go.kr/LSW/precInfoP.do?precSeq=298386&mode=0
298470,https://www.law.go.kr/LSW/precInfoP.do?precSeq=298470&mode=0
298508,https://www.law.go.kr/LSW/precInfoP.do?precSeq=298508&mode=0
298520,https://www.law.go.kr/LSW/precInfoP.do?precSeq=298520&mode=0
298526,https://www.law.go.kr/LSW/precInfoP.do?precSeq=298526&mode=0
298544,https://www.law.go.kr/LSW/precInfoP.do?precSeq=298544&mode=0
298602,https://www.law.go.kr/LSW/precInfoP.do?precSeq=298602&mode=0
298698,https://www.law.go.kr/LSW/precInfoP.do?precSeq=298698&mode=0
298718,https://www.law.go.kr/LSW/precInfoP.do?precSeq=298718&mode=0
298734,https://www.law.go.kr/LSW/precInfoP.do?precSeq=298734&mode=0
298872,https://www.law.go.kr/LSW/precInfoP.do?precSeq=298872&mode=0
298970,https://www.law.go.kr/LSW/precInfoP.do?precSeq=298970&mode=0
299024,https://www.law.go.kr/LSW/precInfoP.do?precSeq=299024&mode=0
299052,https://www.law.go.kr/LSW/precInfoP.do?precSeq=299052&mode=0
299148,https://www.law.go.kr/LSW/precInfoP.do?precSeq=299148&mode=0
299378,https://www.law.go.kr/LSW/precInfoP.do?precSeq=299378&mode=0
299754,https://www.law.go.kr/LSW/precInfoP.do?precSeq=299754&mode=0
299756,https://www.law.go.kr/LSW/precInfoP.do?precSeq=299756&mode=0
299758,https://www.law.go.kr/LSW/precInfoP.do?precSeq=299758&mode=0
299948,https://www.law.go.kr/LSW/precInfoP.do?precSeq=299948&mode=0
299992,https://www.law.go.kr/LSW/precInfoP.do?precSeq=299992&mode=0
300060,https://www.law.go.kr/LSW/precInfoP.do?precSeq=300060&mode=0
300098,https://www.law.go.kr/LSW/precInfoP.do?precSeq=300098&mode=0
300180,https://www.law.go.kr/LSW/precInfoP.do?precSeq=300180&mode=0
300206,https://www.law.go.kr/LSW/precInfoP.do?precSeq=300206&mode=0
300252,https://www.law.go.kr/LSW/precInfoP.do?precSeq=300252&mode=0
300280,https://www.law.go.kr/LSW/precInfoP.do?precSeq=300280&mode=0
300432,https://www.law.go.kr/LSW/precInfoP.do?precSeq=300432&mode=0
300694,https://www.law.go.kr/LSW/precInfoP.do?precSeq=300694&mode=0
300734,https://www.law.go.kr/LSW/precInfoP.do?precSeq=300734&mode=0
300878,https://www.law.go.kr/LSW/precInfoP.do?precSeq=300878&mode=0
300880,https://www.law.go.kr/LSW/precInfoP.do?precSeq=300880&mode=0
301028,https://www.law.go.kr/LSW/precInfoP.do?precSeq=301028&mode=0
301038,https://www.law.go.kr/LSW/precInfoP.do?precSeq=301038&mode=0
301066,https://www.law.go.kr/LSW/precInfoP.do?precSeq=301066&mode=0
301068,https://www.law.go.kr/LSW/precInfoP.do?precSeq=301068&mode=0
301120,https://www.law.go.kr/LSW/precInfoP.do?precSeq=301120&mode=0
301174,https://www.law.go.kr/LSW/precInfoP.do?precSeq=301174&mode=0
301312,https://www.law.go.kr/LSW/precInfoP.do?precSeq=301312&mode=0
301314,https://www.law.go.kr/LSW/precInfoP.do?precSeq=301314&mode=0
301370,https://www.law.go.kr/LSW/precInfoP.do?precSeq=301370&mode=0
301414,https://www.law.go.kr/LSW/precInfoP.do?precSeq=301414&mode=0
301482,https://www.law.go.kr/LSW/precInfoP.do?precSeq=301482&mode=0
301640,https://www.law.go.kr/LSW/precInfoP.do?precSeq=301640&mode=0
301784,https://www.law.go.kr/LSW/precInfoP.do?precSeq=301784&mode=0
301816,https://www.law.go.kr/LSW/precInfoP.do?precSeq=301816&mode=0
301818,https://www.law.go.kr/LSW/precInfoP.do?precSeq=301818&mode=0
301838,https://www.law.go.kr/LSW/precInfoP.do?precSeq=301838&mode=0
301856,https://www.law.go.kr/LSW/precInfoP.do?precSeq=301856&mode=0
301996,https://www.law.go.kr/LSW/precInfoP.do?precSeq=301996&mode=0
301998,https://www.law.go.kr/LSW/precInfoP.do?precSeq=301998&mode=0
302016,https://www.law.go.kr/LSW/precInfoP.do?precSeq=302016&mode=0
302032,https://www.law.go.kr/LSW/precInfoP.do?precSeq=302032&mode=0
302048,https://www.law.go.kr/LSW/precInfoP.do?precSeq=302048&mode=0
302078,https://www.law.go.kr/LSW/precInfoP.do?precSeq=302078&mode=0
302094,https://www.law.go.kr/LSW/precInfoP.do?precSeq=302094&mode=0
302278,https://www.law.go.kr/LSW/precInfoP.do?precSeq=302278&mode=0
302476,https://www.law.go.kr/LSW/precInfoP.do?precSeq=302476&mode=0
302480,https://www.law.go.kr/LSW/precInfoP.do?precSeq=302480&mode=0
302482,https://www.law.go.kr/LSW/precInfoP.do?precSeq=302482&mode=0
302542,https://www.law.go.kr/LSW/precInfoP.do?precSeq=302542&mode=0
302548,https://www.law.go.kr/LSW/precInfoP.do?precSeq=302548&mode=0
302802,https://www.law.go.kr/LSW/precInfoP.do?precSeq=302802&mode=0
302804,https://www.law.go.kr/LSW/precInfoP.do?precSeq=302804&mode=0
302888,https://www.law.go.kr/LSW/precInfoP.do?precSeq=302888&mode=0
303206,https://www.law.go.kr/LSW/precInfoP.do?precSeq=303206&mode=0
303244,https://www.law.go.kr/LSW/precInfoP.do?precSeq=303244&mode=0
303440,https://www.law.go.kr/LSW/precInfoP.do?precSeq=303440&mode=0
303494,https://www.law.go.kr/LSW/precInfoP.do?precSeq=303494&mode=0
303524,https://www.law.go.kr/LSW/precInfoP.do?precSeq=303524&mode=0
303856,https://www.law.go.kr/LSW/precInfoP.do?precSeq=303856&mode=0
303904,https://www.law.go.kr/LSW/precInfoP.do?precSeq=303904&mode=0
303944,https://www.law.go.kr/LSW/precInfoP.do?precSeq=303944&mode=0
304058,https://www.law.go.kr/LSW/precInfoP.do?precSeq=304058&mode=0
304252,https://www.law.go.kr/LSW/precInfoP.do?precSeq=304252&mode=0
304276,https://www.law.go.kr/LSW/precInfoP.do?precSeq=304276&mode=0
304634,https://www.law.go.kr/LSW/precInfoP.do?precSeq=304634&mode=0
304900,https://www.law.go.kr/LSW/precInfoP.do?precSeq=304900&mode=0
304912,https://www.law.go.kr/LSW/precInfoP.do?precSeq=304912&mode=0
305242,https://www.law.go.kr/LSW/precInfoP.do?precSeq=305242&mode=0
305516,https://www.law.go.kr/LSW/precInfoP.do?precSeq=305516&mode=0
305546,https://www.law.go.kr/LSW/precInfoP.do?precSeq=305546&mode=0
305580,https://www.law.go.kr/LSW/precInfoP.do?precSeq=305580&mode=0
305684,https://www.law.go.kr/LSW/precInfoP.do?precSeq=305684&mode=0
305744,https://www.law.go.kr/LSW/precInfoP.do?precSeq=305744&mode=0
305858,https://www.law.go.kr/LSW/precInfoP.do?precSeq=305858&mode=0
305874,https://www.law.go.kr/LSW/precInfoP.do?precSeq=305874&mode=0
305904,https://www.law.go.kr/LSW/precInfoP.do?precSeq=305904&mode=0
305932,https://www.law.go.kr/LSW/precInfoP.do?precSeq=305932&mode=0
305982,https://www.law.go.kr/LSW/precInfoP.do?precSeq=305982&mode=0
305990,https://www.law.go.kr/LSW/precInfoP.do?precSeq=305990&mode=0
306028,https://www.law.go.kr/LSW/precInfoP.do?precSeq=306028&mode=0
306230,https://www.law.go.kr/LSW/precInfoP.do?precSeq=306230&mode=0
306274,https://www.law.go.kr/LSW/precInfoP.do?precSeq=306274&mode=0
306556,https://www.law.go.kr/LSW/precInfoP.do?precSeq=306556&mode=0
306750,https://www.law.go.kr/LSW/precInfoP.do?precSeq=306750&mode=0
306774,https://www.law.go.kr/LSW/precInfoP.do?precSeq=306774&mode=0
306932,https://www.law.go.kr/LSW/precInfoP.do?precSeq=306932&mode=0
306970,https://www.law.go.kr/LSW/precInfoP.do?precSeq=306970&mode=0
307020,https://www.law.go.kr/LSW/precInfoP.do?precSeq=307020&mode=0
307050,https://www.law.go.kr/LSW/precInfoP.do?precSeq=307050&mode=0
307212,https://www.law.go.kr/LSW/precInfoP.do?precSeq=307212&mode=0
307218,https://www.law.go.kr/LSW/precInfoP.do?precSeq=307218&mode=0
307266,https://www.law.go.kr/LSW/precInfoP.do?precSeq=307266&mode=0
307402,https://www.law.go.kr/LSW/precInfoP.do?precSeq=307402&mode=0
307426,https://www.law.go.kr/LSW/precInfoP.do?precSeq=307426&mode=0
307434,https://www.law.go.kr/LSW/precInfoP.do?precSeq=307434&mode=0
307546,https://www.law.go.kr/LSW/precInfoP.do?precSeq=307546&mode=0
307584,https://www.law.go.kr/LSW/precInfoP.do?precSeq=307584&mode=0
307616,https://www.law.go.kr/LSW/precInfoP.do?precSeq=307616&mode=0
307652,https://www.law.go.kr/LSW/precInfoP.do?precSeq=307652&mode=0
307660,https://www.law.go.kr/LSW/precInfoP.do?precSeq=307660&mode=0
307902,https://www.law.go.kr/LSW/precInfoP.do?precSeq=307902&mode=0
308030,https://www.law.go.kr/LSW/precInfoP.do?precSeq=308030&mode=0
308054,https://www.law.go.kr/LSW/precInfoP.do?precSeq=308054&mode=0
308080,https://www.law.go.kr/LSW/precInfoP.do?precSeq=308080&mode=0
308142,https://www.law.go.kr/LSW/precInfoP.do?precSeq=308142&mode=0
308200,https://www.law.go.kr/LSW/precInfoP.do?precSeq=308200&mode=0
308204,https://www.law.go.kr/LSW/precInfoP.do?precSeq=308204&mode=0
308276,https://www.law.go.kr/LSW/precInfoP.do?precSeq=308276&mode=0
308292,https://www.law.go.kr/LSW/precInfoP.do?precSeq=308292&mode=0
308406,https://www.law.go.kr/LSW/precInfoP.do?precSeq=308406&mode=0
308462,https://www.law.go.kr/LSW/precInfoP.do?precSeq=308462&mode=0
308556,https://www.law.go.kr/LSW/precInfoP.do?precSeq=308556&mode=0
308560,https://www.law.go.kr/LSW/precInfoP.do?precSeq=308560&mode=0
308752,https://www.law.go.kr/LSW/precInfoP.do?precSeq=308752&mode=0
308912,https://www.law.go.kr/LSW/precInfoP.do?precSeq=308912&mode=0
309244,https://www.law.go.kr/LSW/precInfoP.do?precSeq=309244&mode=0
309330,https://www.law.go.kr/LSW/precInfoP.do?precSeq=309330&mode=0
309638,https://www.law.go.kr/LSW/precInfoP.do?precSeq=309638&mode=0
309680,https://www.law.go.kr/LSW/precInfoP.do?precSeq=309680&mode=0
309706,https://www.law.go.kr/LSW/precInfoP.do?precSeq=309706&mode=0
309736,https://www.law.go.kr/LSW/precInfoP.do?precSeq=309736&mode=0
309740,https://www.law.go.kr/LSW/precInfoP.do?precSeq=309740&mode=0
309794,https://www.law.go.kr/LSW/precInfoP.do?precSeq=309794&mode=0
309916,https://www.law.go.kr/LSW/precInfoP.do?precSeq=309916&mode=0
309998,https://www.law.go.kr/LSW/precInfoP.do?precSeq=309998&mode=0
310022,https://www.law.go.kr/LSW/precInfoP.do?precSeq=310022&mode=0
310032,https://www.law.go.kr/LSW/precInfoP.do?precSeq=310032&mode=0
310060,https://www.law.go.kr/LSW/precInfoP.do?precSeq=310060&mode=0
310222,https://www.law.go.kr/LSW/precInfoP.do?precSeq=310222&mode=0
310354,https://www.law.go.kr/LSW/precInfoP.do?precSeq=310354&mode=0
310524,https://www.law.go.kr/LSW/precInfoP.do?precSeq=310524&mode=0
310876,https://www.law.go.kr/LSW/precInfoP.do?precSeq=310876&mode=0
310952,https://www.law.go.kr/LSW/precInfoP.do?precSeq=310952&mode=0
311112,https://www.law.go.kr/LSW/precInfoP.do?precSeq=311112&mode=0
311152,https://www.law.go.kr/LSW/precInfoP.do?precSeq=311152&mode=0
311248,https://www.law.go.kr/LSW/precInfoP.do?precSeq=311248&mode=0
311434,https://www.law.go.kr/LSW/precInfoP.do?precSeq=311434&mode=0
311848,https://www.law.go.kr/LSW/precInfoP.do?precSeq=311848&mode=0
315614,https://www.law.go.kr/LSW/precInfoP.do?precSeq=315614&mode=0
315894,https://www.law.go.kr/LSW/precInfoP.do?precSeq=315894&mode=0
316136,https://www.law.go.kr/LSW/precInfoP.do?precSeq=316136&mode=0
316266,https://www.law.go.kr/LSW/precInfoP.do?precSeq=316266&mode=0
316270,https://www.law.go.kr/LSW/precInfoP.do?precSeq=316270&mode=0
317242,https://www.law.go.kr/LSW/precInfoP.do?precSeq=317242&mode=0
317388,https://www.law.go.kr/LSW/precInfoP.do?precSeq=317388&mode=0
317532,https://www.law.go.kr/LSW/precInfoP.do?precSeq=317532&mode=0
317534,https://www.law.go.kr/LSW/precInfoP.do?precSeq=317534&mode=0
317680,https://www.law.go.kr/LSW/precInfoP.do?precSeq=317680&mode=0
317906,https://www.law.go.kr/LSW/precInfoP.do?precSeq=317906&mode=0
317950,https://www.law.go.kr/LSW/precInfoP.do?precSeq=317950&mode=0
318176,https://www.law.go.kr/LSW/precInfoP.do?precSeq=318176&mode=0
318330,https://www.law.go.kr/LSW/precInfoP.do?precSeq=318330&mode=0
318340,https://www.law.go.kr/LSW/precInfoP.do?precSeq=318340&mode=0
318560,https://www.law.go.kr/LSW/precInfoP.do?precSeq=318560&mode=0
318612,https://www.law.go.kr/LSW/precInfoP.do?precSeq=318612&mode=0
318658,https://www.law.go.kr/LSW/precInfoP.do?precSeq=318658&mode=0
318804,https://www.law.go.kr/LSW/precInfoP.do?precSeq=318804&mode=0
318952,https://www.law.go.kr/LSW/precInfoP.do?precSeq=318952&mode=0
319008,https://www.law.go.kr/LSW/precInfoP.do?precSeq=319008&mode=0
319192,https://www.law.go.kr/LSW/precInfoP.do?precSeq=319192&mode=0
319248,https://www.law.go.kr/LSW/precInfoP.do?precSeq=319248&mode=0
319406,https://www.law.go.kr/LSW/precInfoP.do?precSeq=319406&mode=0
319466,https://www.law.go.kr/LSW/precInfoP.do?precSeq=319466&mode=0
319548,https://www.law.go.kr/LSW/precInfoP.do?precSeq=319548&mode=0
319696,https://www.law.go.kr/LSW/precInfoP.do?precSeq=319696&mode=0
319740,https://www.law.go.kr/LSW/precInfoP.do?precSeq=319740&mode=0
319754,https://www.law.go.kr/LSW/precInfoP.do?precSeq=319754&mode=0
319832,https://www.law.go.kr/LSW/precInfoP.do?precSeq=319832&mode=0
319872,https://www.law.go.kr/LSW/precInfoP.do?precSeq=319872&mode=0
319888,https://www.law.go.kr/LSW/precInfoP.do?precSeq=319888&mode=0
320118,https://www.law.go.kr/LSW/precInfoP.do?precSeq=320118&mode=0
320120,https://www.law.go.kr/LSW/precInfoP.do?precSeq=320120&mode=0
320298,https://www.law.go.kr/LSW/precInfoP.do?precSeq=320298&mode=0
320438,https://www.law.go.kr/LSW/precInfoP.do?precSeq=320438&mode=0
320440,https://www.law.go.kr/LSW/precInfoP.do?precSeq=320440&mode=0
320528,https://www.law.go.kr/LSW/precInfoP.do?precSeq=320528&mode=0
320578,https://www.law.go.kr/LSW/precInfoP.do?precSeq=320578&mode=0
320616,https://www.law.go.kr/LSW/precInfoP.do?precSeq=320616&mode=0
320722,https://www.law.go.kr/LSW/precInfoP.do?precSeq=320722&mode=0
320762,https://www.law.go.kr/LSW/precInfoP.do?precSeq=320762&mode=0
320810,https://www.law.go.kr/LSW/precInfoP.do?precSeq=320810&mode=0
320934,https://www.law.go.kr/LSW/precInfoP.do?precSeq=320934&mode=0
321104,https://www.law.go.kr/LSW/precInfoP.do?precSeq=321104&mode=0
321140,https://www.law.go.kr/LSW/precInfoP.do?precSeq=321140&mode=0
321212,https://www.law.go.kr/LSW/precInfoP.do?precSeq=321212&mode=0
321338,https://www.law.go.kr/LSW/precInfoP.do?precSeq=321338&mode=0
321420,https://www.law.go.kr/LSW/precInfoP.do?precSeq=321420&mode=0
321548,https://www.law.go.kr/LSW/precInfoP.do?precSeq=321548&mode=0
321784,https://www.law.go.kr/LSW/precInfoP.do?precSeq=321784&mode=0
321814,https://www.law.go.kr/LSW/precInfoP.do?precSeq=321814&mode=0
321896,https://www.law.go.kr/LSW/precInfoP.do?precSeq=321896&mode=0
322154,https://www.law.go.kr/LSW/precInfoP.do?precSeq=322154&mode=0
322278,https://www.law.go.kr/LSW/precInfoP.do?precSeq=322278&mode=0
322328,https://www.law.go.kr/LSW/precInfoP.do?precSeq=322328&mode=0
322374,https://www.law.go.kr/LSW/precInfoP.do?precSeq=322374&mode=0
322396,https://www.law.go.kr/LSW/precInfoP.do?precSeq=322396&mode=0
322618,https://www.law.go.kr/LSW/precInfoP.do?precSeq=322618&mode=0
322634,https://www.law.go.kr/LSW/precInfoP.do?precSeq=322634&mode=0
322976,https://www.law.go.kr/LSW/precInfoP.do?precSeq=322976&mode=0
323278,https://www.law.go.kr/LSW/precInfoP.do?precSeq=323278&mode=0
323498,https://www.law.go.kr/LSW/precInfoP.do?precSeq=323498&mode=0
323726,https://www.law.go.kr/LSW/precInfoP.do?precSeq=323726&mode=0
323884,https://www.law.go.kr/LSW/precInfoP.do?precSeq=323884&mode=0
323948,https://www.law.go.kr/LSW/precInfoP.do?precSeq=323948&mode=0
324172,https://www.law.go.kr/LSW/precInfoP.do?precSeq=324172&mode=0
324248,https://www.law.go.kr/LSW/precInfoP.do?precSeq=324248&mode=0
324364,https://www.law.go.kr/LSW/precInfoP.do?precSeq=324364&mode=0
324920,https://www.law.go.kr/LSW/precInfoP.do?precSeq=324920&mode=0
325118,https://www.law.go.kr/LSW/precInfoP.do?precSeq=325118&mode=0
325150,https://www.law.go.kr/LSW/precInfoP.do?precSeq=325150&mode=0
325264,https://www.law.go.kr/LSW/precInfoP.do?precSeq=325264&mode=0
325332,https://www.law.go.kr/LSW/precInfoP.do?precSeq=325332&mode=0
325350,https://www.law.go.kr/LSW/precInfoP.do?precSeq=325350&mode=0
325392,https://www.law.go.kr/LSW/precInfoP.do?precSeq=325392&mode=0
325418,https://www.law.go.kr/LSW/precInfoP.do?precSeq=325418&mode=0
325816,https://www.law.go.kr/LSW/precInfoP.do?precSeq=325816&mode=0
325964,https://www.law.go.kr/LSW/precInfoP.do?precSeq=325964&mode=0
326354,https://www.law.go.kr/LSW/precInfoP.do?precSeq=326354&mode=0
326410,https://www.law.go.kr/LSW/precInfoP.do?precSeq=326410&mode=0
326456,https://www.law.go.kr/LSW/precInfoP.do?precSeq=326456&mode=0
326468,https://www.law.go.kr/LSW/precInfoP.do?precSeq=326468&mode=0
326520,https://www.law.go.kr/LSW/precInfoP.do?precSeq=326520&mode=0
326674,https://www.law.go.kr/LSW/precInfoP.do?precSeq=326674&mode=0
326712,https://www.law.go.kr/LSW/precInfoP.do?precSeq=326712&mode=0
326724,https://www.law.go.kr/LSW/precInfoP.do?precSeq=326724&mode=0
327018,https://www.law.go.kr/LSW/precInfoP.do?precSeq=327018&mode=0
327122,https://www.law.go.kr/LSW/precInfoP.do?precSeq=327122&mode=0
327158,https://www.law.go.kr/LSW/precInfoP.do?precSeq=327158&mode=0
327270,https://www.law.go.kr/LSW/precInfoP.do?precSeq=327270&mode=0
327424,https://www.law.go.kr/LSW/precInfoP.do?precSeq=327424&mode=0
327564,https://www.law.go.kr/LSW/precInfoP.do?precSeq=327564&mode=0
327848,https://www.law.go.kr/LSW/precInfoP.do?precSeq=327848&mode=0
327872,https://www.law.go.kr/LSW/precInfoP.do?precSeq=327872&mode=0
327874,https://www.law.go.kr/LSW/precInfoP.do?precSeq=327874&mode=0
327888,https://www.law.go.kr/LSW/precInfoP.do?precSeq=327888&mode=0
328008,https://www.law.go.kr/LSW/precInfoP.do?precSeq=328008&mode=0
328112,https://www.law.go.kr/LSW/precInfoP.do?precSeq=328112&mode=0
328128,https://www.law.go.kr/LSW/precInfoP.do?precSeq=328128&mode=0
328166,https://www.law.go.kr/LSW/precInfoP.do?precSeq=328166&mode=0
328212,https://www.law.go.kr/LSW/precInfoP.do?precSeq=328212&mode=0
328254,https://www.law.go.kr/LSW/precInfoP.do?precSeq=328254&mode=0
328298,https://www.law.go.kr/LSW/precInfoP.do?precSeq=328298&mode=0
328442,https://www.law.go.kr/LSW/precInfoP.do?precSeq=328442&mode=0
328664,https://www.law.go.kr/LSW/precInfoP.do?precSeq=328664&mode=0
328706,https://www.law.go.kr/LSW/precInfoP.do?precSeq=328706&mode=0
328798,https://www.law.go.kr/LSW/precInfoP.do?precSeq=328798&mode=0
328890,https://www.law.go.kr/LSW/precInfoP.do?precSeq=328890&mode=0
329066,https://www.law.go.kr/LSW/precInfoP.do?precSeq=329066&mode=0
329276,https://www.law.go.kr/LSW/precInfoP.do?precSeq=329276&mode=0
329318,https://www.law.go.kr/LSW/precInfoP.do?precSeq=329318&mode=0
329320,https://www.law.go.kr/LSW/precInfoP.do?precSeq=329320&mode=0
329354,https://www.law.go.kr/LSW/precInfoP.do?precSeq=329354&mode=0
329356,https://www.law.go.kr/LSW/precInfoP.do?precSeq=329356&mode=0
329368,https://www.law.go.kr/LSW/precInfoP.do?precSeq=329368&mode=0
329454,https://www.law.go.kr/LSW/precInfoP.do?precSeq=329454&mode=0
329558,https://www.law.go.kr/LSW/precInfoP.do?precSeq=329558&mode=0
329560,https://www.law.go.kr/LSW/precInfoP.do?precSeq=329560&mode=0
329690,https://www.law.go.kr/LSW/precInfoP.do?precSeq=329690&mode=0
329706,https://www.law.go.kr/LSW/precInfoP.do?precSeq=329706&mode=0
329734,https://www.law.go.kr/LSW/precInfoP.do?precSeq=329734&mode=0
329766,https://www.law.go.kr/LSW/precInfoP.do?precSeq=329766&mode=0
329902,https://www.law.go.kr/LSW/precInfoP.do?precSeq=329902&mode=0
330086,https://www.law.go.kr/LSW/precInfoP.do?precSeq=330086&mode=0
330128,https://www.law.go.kr/LSW/precInfoP.do?precSeq=330128&mode=0
330274,https://www.law.go.kr/LSW/precInfoP.do?precSeq=330274&mode=0
330282,https://www.law.go.kr/LSW/precInfoP.do?precSeq=330282&mode=0
330336,https://www.law.go.kr/LSW/precInfoP.do?precSeq=330336&mode=0
330368,https://www.law.go.kr/LSW/precInfoP.do?precSeq=330368&mode=0
330888,https://www.law.go.kr/LSW/precInfoP.do?precSeq=330888&mode=0
331038,https://www.law.go.kr/LSW/precInfoP.do?precSeq=331038&mode=0
331076,https://www.law.go.kr/LSW/precInfoP.do?precSeq=331076&mode=0
331152,https://www.law.go.kr/LSW/precInfoP.do?precSeq=331152&mode=0
331302,https://www.law.go.kr/LSW/precInfoP.do?precSeq=331302&mode=0
331354,https://www.law.go.kr/LSW/precInfoP.do?precSeq=331354&mode=0
331382,https://www.law.go.kr/LSW/precInfoP.do?precSeq=331382&mode=0
331404,https://www.law.go.kr/LSW/precInfoP.do?precSeq=331404&mode=0
331834,https://www.law.go.kr/LSW/precInfoP.do?precSeq=331834&mode=0
331882,https://www.law.go.kr/LSW/precInfoP.do?precSeq=331882&mode=0
332086,https://www.law.go.kr/LSW/precInfoP.do?precSeq=332086&mode=0
332142,https://www.law.go.kr/LSW/precInfoP.do?precSeq=332142&mode=0
332200,https://www.law.go.kr/LSW/precInfoP.do?precSeq=332200&mode=0
332282,https://www.law.go.kr/LSW/precInfoP.do?precSeq=332282&mode=0
332320,https://www.law.go.kr/LSW/precInfoP.do?precSeq=332320&mode=0
332402,https://www.law.go.kr/LSW/precInfoP.do?precSeq=332402&mode=0
332422,https://www.law.go.kr/LSW/precInfoP.do?precSeq=332422&mode=0
332634,https://www.law.go.kr/LSW/precInfoP.do?precSeq=332634&mode=0
332658,https://www.law.go.kr/LSW/precInfoP.do?precSeq=332658&mode=0
332932,https://www.law.go.kr/LSW/precInfoP.do?precSeq=332932&mode=0
332970,https://www.law.go.kr/LSW/precInfoP.do?precSeq=332970&mode=0
333000,https://www.law.go.kr/LSW/precInfoP.do?precSeq=333000&mode=0
333250,https://www.law.go.kr/LSW/precInfoP.do?precSeq=333250&mode=0
333380,https://www.law.go.kr/LSW/precInfoP.do?precSeq=333380&mode=0
333460,https://www.law.go.kr/LSW/precInfoP.do?precSeq=333460&mode=0
333630,https://www.law.go.kr/LSW/precInfoP.do?precSeq=333630&mode=0
333704,https://www.law.go.kr/LSW/precInfoP.do?precSeq=333704&mode=0
333940,https://www.law.go.kr/LSW/precInfoP.do?precSeq=333940&mode=0
333958,https://www.law.go.kr/LSW/precInfoP.do?precSeq=333958&mode=0
334132,https://www.law.go.kr/LSW/precInfoP.do?precSeq=334132&mode=0
334548,https://www.law.go.kr/LSW/precInfoP.do?precSeq=334548&mode=0
334668,https://www.law.go.kr/LSW/precInfoP.do?precSeq=334668&mode=0
334728,https://www.law.go.kr/LSW/precInfoP.do?precSeq=334728&mode=0
334798,https://www.law.go.kr/LSW/precInfoP.do?precSeq=334798&mode=0
334872,https://www.law.go.kr/LSW/precInfoP.do?precSeq=334872&mode=0
334918,https://www.law.go.kr/LSW/precInfoP.do?precSeq=334918&mode=0
334936,https://www.law.go.kr/LSW/precInfoP.do?precSeq=334936&mode=0
334972,https://www.law.go.kr/LSW/precInfoP.do?precSeq=334972&mode=0
335018,https://www.law.go.kr/LSW/precInfoP.do?precSeq=335018&mode=0
335032,https://www.law.go.kr/LSW/precInfoP.do?precSeq=335032&mode=0
335168,https://www.law.go.kr/LSW/precInfoP.do?precSeq=335168&mode=0
335294,https://www.law.go.kr/LSW/precInfoP.do?precSeq=335294&mode=0
335308,https://www.law.go.kr/LSW/precInfoP.do?precSeq=335308&mode=0
335364,https://www.law.go.kr/LSW/precInfoP.do?precSeq=335364&mode=0
335390,https://www.law.go.kr/LSW/precInfoP.do?precSeq=335390&mode=0
335406,https://www.law.go.kr/LSW/precInfoP.do?precSeq=335406&mode=0
335416,https://www.law.go.kr/LSW/precInfoP.do?precSeq=335416&mode=0
335452,https://www.law.go.kr/LSW/precInfoP.do?precSeq=335452&mode=0
335454,https://www.law.go.kr/LSW/precInfoP.do?precSeq=335454&mode=0
335642,https://www.law.go.kr/LSW/precInfoP.do?precSeq=335642&mode=0
335650,https://www.law.go.kr/LSW/precInfoP.do?precSeq=335650&mode=0
335670,https://www.law.go.kr/LSW/precInfoP.do?precSeq=335670&mode=0
335960,https://www.law.go.kr/LSW/precInfoP.do?precSeq=335960&mode=0
336042,https://www.law.go.kr/LSW/precInfoP.do?precSeq=336042&mode=0
336156,https://www.law.go.kr/LSW/precInfoP.do?precSeq=336156&mode=0
336186,https://www.law.go.kr/LSW/precInfoP.do?precSeq=336186&mode=0
336278,https://www.law.go.kr/LSW/precInfoP.do?precSeq=336278&mode=0
336320,https://www.law.go.kr/LSW/precInfoP.do?precSeq=336320&mode=0
336340,https://www.law.go.kr/LSW/precInfoP.do?precSeq=336340&mode=0
336476,https://www.law.go.kr/LSW/precInfoP.do?precSeq=336476&mode=0
336594,https://www.law.go.kr/LSW/precInfoP.do?precSeq=336594&mode=0
336610,https://www.law.go.kr/LSW/precInfoP.do?precSeq=336610&mode=0
336614,https://www.law.go.kr/LSW/precInfoP.do?precSeq=336614&mode=0
336634,https://www.law.go.kr/LSW/precInfoP.do?precSeq=336634&mode=0
336640,https://www.law.go.kr/LSW/precInfoP.do?precSeq=336640&mode=0
336690,https://www.law.go.kr/LSW/precInfoP.do?precSeq=336690&mode=0
336706,https://www.law.go.kr/LSW/precInfoP.do?precSeq=336706&mode=0
336708,https://www.law.go.kr/LSW/precInfoP.do?precSeq=336708&mode=0
336732,https://www.law.go.kr/LSW/precInfoP.do?precSeq=336732&mode=0
336816,https://www.law.go.kr/LSW/precInfoP.do?precSeq=336816&mode=0
337204,https://www.law.go.kr/LSW/precInfoP.do?precSeq=337204&mode=0
337680,https://www.law.go.kr/LSW/precInfoP.do?precSeq=337680&mode=0
337692,https://www.law.go.kr/LSW/precInfoP.do?precSeq=337692&mode=0
337780,https://www.law.go.kr/LSW/precInfoP.do?precSeq=337780&mode=0
337884,https://www.law.go.kr/LSW/precInfoP.do?precSeq=337884&mode=0
338066,https://www.law.go.kr/LSW/precInfoP.do?precSeq=338066&mode=0
338104,https://www.law.go.kr/LSW/precInfoP.do?precSeq=338104&mode=0
340310,https://www.law.go.kr/LSW/precInfoP.do?precSeq=340310&mode=0
340972,https://www.law.go.kr/LSW/precInfoP.do?precSeq=340972&mode=0
341094,https://www.law.go.kr/LSW/precInfoP.do?precSeq=341094&mode=0
341128,https://www.law.go.kr/LSW/precInfoP.do?precSeq=341128&mode=0
341372,https://www.law.go.kr/LSW/precInfoP.do?precSeq=341372&mode=0
341400,https://www.law.go.kr/LSW/precInfoP.do?precSeq=341400&mode=0
341606,https://www.law.go.kr/LSW/precInfoP.do?precSeq=341606&mode=0
341752,https://www.law.go.kr/LSW/precInfoP.do?precSeq=341752&mode=0
342204,https://www.law.go.kr/LSW/precInfoP.do?precSeq=342204&mode=0
342304,https://www.law.go.kr/LSW/precInfoP.do?precSeq=342304&mode=0
342351,https://www.law.go.kr/LSW/precInfoP.do?precSeq=342351&mode=0
342420,https://www.law.go.kr/LSW/precInfoP.do?precSeq=342420&mode=0
342484,https://www.law.go.kr/LSW/precInfoP.do?precSeq=342484&mode=0
342494,https://www.law.go.kr/LSW/precInfoP.do?precSeq=342494&mode=0
342576,https://www.law.go.kr/LSW/precInfoP.do?precSeq=342576&mode=0
342634,https://www.law.go.kr/LSW/precInfoP.do?precSeq=342634&mode=0
342656,https://www.law.go.kr/LSW/precInfoP.do?precSeq=342656&mode=0
342680,https://www.law.go.kr/LSW/precInfoP.do?precSeq=342680&mode=0
342698,https://www.law.go.kr/LSW/precInfoP.do?precSeq=342698&mode=0
342860,https://www.law.go.kr/LSW/precInfoP.do?precSeq=342860&mode=0
342874,https://www.law.go.kr/LSW/precInfoP.do?precSeq=342874&mode=0
342962,https://www.law.go.kr/LSW/precInfoP.do?precSeq=342962&mode=0
342966,https://www.law.go.kr/LSW/precInfoP.do?precSeq=342966&mode=0
343050,https://www.law.go.kr/LSW/precInfoP.do?precSeq=343050&mode=0
343056,https://www.law.go.kr/LSW/precInfoP.do?precSeq=343056&mode=0
343086,https://www.law.go.kr/LSW/precInfoP.do?precSeq=343086&mode=0
343150,https://www.law.go.kr/LSW/precInfoP.do?precSeq=343150&mode=0
343158,https://www.law.go.kr/LSW/precInfoP.do?precSeq=343158&mode=0
343176,https://www.law.go.kr/LSW/precInfoP.do?precSeq=343176&mode=0
343224,https://www.law.go.kr/LSW/precInfoP.do?precSeq=343224&mode=0
343226,https://www.law.go.kr/LSW/precInfoP.do?precSeq=343226&mode=0
343402,https://www.law.go.kr/LSW/precInfoP.do?precSeq=343402&mode=0
343470,https://www.law.go.kr/LSW/precInfoP.do?precSeq=343470&mode=0
343500,https://www.law.go.kr/LSW/precInfoP.do?precSeq=343500&mode=0
343544,https://www.law.go.kr/LSW/precInfoP.do?precSeq=343544&mode=0
343644,https://www.law.go.kr/LSW/precInfoP.do?precSeq=343644&mode=0
343652,https://www.law.go.kr/LSW/precInfoP.do?precSeq=343652&mode=0
343758,https://www.law.go.kr/LSW/precInfoP.do?precSeq=343758&mode=0
343828,https://www.law.go.kr/LSW/precInfoP.do?precSeq=343828&mode=0
343834,https://www.law.go.kr/LSW/precInfoP.do?precSeq=343834&mode=0
343852,https://www.law.go.kr/LSW/precInfoP.do?precSeq=343852&mode=0
343856,https://www.law.go.kr/LSW/precInfoP.do?precSeq=343856&mode=0
343862,https://www.law.go.kr/LSW/precInfoP.do?precSeq=343862&mode=0
343878,https://www.law.go.kr/LSW/precInfoP.do?precSeq=343878&mode=0
343896,https://www.law.go.kr/LSW/precInfoP.do?precSeq=343896&mode=0
344332,https://www.law.go.kr/LSW/precInfoP.do?precSeq=344332&mode=0
344428,https://www.law.go.kr/LSW/precInfoP.do?precSeq=344428&mode=0
344476,https://www.law.go.kr/LSW/precInfoP.do?precSeq=344476&mode=0
344536,https://www.law.go.kr/LSW/precInfoP.do?precSeq=344536&mode=0
344538,https://www.law.go.kr/LSW/precInfoP.do?precSeq=344538&mode=0
344562,https://www.law.go.kr/LSW/precInfoP.do?precSeq=344562&mode=0
344610,https://www.law.go.kr/LSW/precInfoP.do?precSeq=344610&mode=0
344630,https://www.law.go.kr/LSW/precInfoP.do?precSeq=344630&mode=0
344644,https://www.law.go.kr/LSW/precInfoP.do?precSeq=344644&mode=0
344646,https://www.law.go.kr/LSW/precInfoP.do?precSeq=344646&mode=0
344678,https://www.law.go.kr/LSW/precInfoP.do?precSeq=344678&mode=0
344736,https://www.law.go.kr/LSW/precInfoP.do?precSeq=344736&mode=0
344790,https://www.law.go.kr/LSW/precInfoP.do?precSeq=344790&mode=0
344794,https://www.law.go.kr/LSW/precInfoP.do?precSeq=344794&mode=0
344832,https://www.law.go.kr/LSW/precInfoP.do?precSeq=344832&mode=0
344844,https://www.law.go.kr/LSW/precInfoP.do?precSeq=344844&mode=0
344930,https://www.law.go.kr/LSW/precInfoP.do?precSeq=344930&mode=0
344998,https://www.law.go.kr/LSW/precInfoP.do?precSeq=344998&mode=0
345002,https://www.law.go.kr/LSW/precInfoP.do?precSeq=345002&mode=0
345034,https://www.law.go.kr/LSW/precInfoP.do?precSeq=345034&mode=0
345060,https://www.law.go.kr/LSW/precInfoP.do?precSeq=345060&mode=0
345064,https://www.law.go.kr/LSW/precInfoP.do?precSeq=345064&mode=0
345068,https://www.law.go.kr/LSW/precInfoP.do?precSeq=345068&mode=0
345090,https://www.law.go.kr/LSW/precInfoP.do?precSeq=345090&mode=0
345204,https://www.law.go.kr/LSW/precInfoP.do?precSeq=345204&mode=0
345252,https://www.law.go.kr/LSW/precInfoP.do?precSeq=345252&mode=0
345276,https://www.law.go.kr/LSW/precInfoP.do?precSeq=345276&mode=0
345304,https://www.law.go.kr/LSW/precInfoP.do?precSeq=345304&mode=0
345356,https://www.law.go.kr/LSW/precInfoP.do?precSeq=345356&mode=0
345358,https://www.law.go.kr/LSW/precInfoP.do?precSeq=345358&mode=0
345360,https://www.law.go.kr/LSW/precInfoP.do?precSeq=345360&mode=0
345476,https://www.law.go.kr/LSW/precInfoP.do?precSeq=345476&mode=0
345534,https://www.law.go.kr/LSW/precInfoP.do?precSeq=345534&mode=0
345548,https://www.law.go.kr/LSW/precInfoP.do?precSeq=345548&mode=0
345658,https://www.law.go.kr/LSW/precInfoP.do?precSeq=345658&mode=0
345784,https://www.law.go.kr/LSW/precInfoP.do?precSeq=345784&mode=0
345904,https://www.law.go.kr/LSW/precInfoP.do?precSeq=345904&mode=0
345908,https://www.law.go.kr/LSW/precInfoP.do?precSeq=345908&mode=0
345948,https://www.law.go.kr/LSW/precInfoP.do?precSeq=345948&mode=0
345974,https://www.law.go.kr/LSW/precInfoP.do?precSeq=345974&mode=0
346016,https://www.law.go.kr/LSW/precInfoP.do?precSeq=346016&mode=0
346024,https://www.law.go.kr/LSW/precInfoP.do?precSeq=346024&mode=0
346168,https://www.law.go.kr/LSW/precInfoP.do?precSeq=346168&mode=0
346362,https://www.law.go.kr/LSW/precInfoP.do?precSeq=346362&mode=0
346364,https://www.law.go.kr/LSW/precInfoP.do?precSeq=346364&mode=0
346418,https://www.law.go.kr/LSW/precInfoP.do?precSeq=346418&mode=0
346458,https://www.law.go.kr/LSW/precInfoP.do?precSeq=346458&mode=0
346478,https://www.law.go.kr/LSW/precInfoP.do?precSeq=346478&mode=0
346480,https://www.law.go.kr/LSW/precInfoP.do?precSeq=346480&mode=0
346510,https://www.law.go.kr/LSW/precInfoP.do?precSeq=346510&mode=0
346578,https://www.law.go.kr/LSW/precInfoP.do?precSeq=346578&mode=0
346604,https://www.law.go.kr/LSW/precInfoP.do?precSeq=346604&mode=0
346628,https://www.law.go.kr/LSW/precInfoP.do?precSeq=346628&mode=0
346666,https://www.law.go.kr/LSW/precInfoP.do?precSeq=346666&mode=0
346712,https://www.law.go.kr/LSW/precInfoP.do?precSeq=346712&mode=0
346904,https://www.law.go.kr/LSW/precInfoP.do?precSeq=346904&mode=0
346970,https://www.law.go.kr/LSW/precInfoP.do?precSeq=346970&mode=0
347004,https://www.law.go.kr/LSW/precInfoP.do?precSeq=347004&mode=0
347036,https://www.law.go.kr/LSW/precInfoP.do?precSeq=347036&mode=0
347042,https://www.law.go.kr/LSW/precInfoP.do?precSeq=347042&mode=0
347124,https://www.law.go.kr/LSW/precInfoP.do?precSeq=347124&mode=0
347136,https://www.law.go.kr/LSW/precInfoP.do?precSeq=347136&mode=0
347190,https://www.law.go.kr/LSW/precInfoP.do?precSeq=347190&mode=0
347360,https://www.law.go.kr/LSW/precInfoP.do?precSeq=347360&mode=0
347378,https://www.law.go.kr/LSW/precInfoP.do?precSeq=347378&mode=0
347420,https://www.law.go.kr/LSW/precInfoP.do?precSeq=347420&mode=0
347428,https://www.law.go.kr/LSW/precInfoP.do?precSeq=347428&mode=0
347438,https://www.law.go.kr/LSW/precInfoP.do?precSeq=347438&mode=0
347460,https://www.law.go.kr/LSW/precInfoP.do?precSeq=347460&mode=0
347522,https://www.law.go.kr/LSW/precInfoP.do?precSeq=347522&mode=0
347526,https://www.law.go.kr/LSW/precInfoP.do?precSeq=347526&mode=0
347540,https://www.law.go.kr/LSW/precInfoP.do?precSeq=347540&mode=0
347560,https://www.law.go.kr/LSW/precInfoP.do?precSeq=347560&mode=0
347594,https://www.law.go.kr/LSW/precInfoP.do?precSeq=347594&mode=0
347600,https://www.law.go.kr/LSW/precInfoP.do?precSeq=347600&mode=0
347664,https://www.law.go.kr/LSW/precInfoP.do?precSeq=347664&mode=0
347674,https://www.law.go.kr/LSW/precInfoP.do?precSeq=347674&mode=0
347702,https://www.law.go.kr/LSW/precInfoP.do?precSeq=347702&mode=0
347708,https://www.law.go.kr/LSW/precInfoP.do?precSeq=347708&mode=0
347738,https://www.law.go.kr/LSW/precInfoP.do?precSeq=347738&mode=0
347758,https://www.law.go.kr/LSW/precInfoP.do?precSeq=347758&mode=0
347794,https://www.law.go.kr/LSW/precInfoP.do?precSeq=347794&mode=0
347910,https://www.law.go.kr/LSW/precInfoP.do?precSeq=347910&mode=0
347938,https://www.law.go.kr/LSW/precInfoP.do?precSeq=347938&mode=0
347956,https://www.law.go.kr/LSW/precInfoP.do?precSeq=347956&mode=0
348014,https://www.law.go.kr/LSW/precInfoP.do?precSeq=348014&mode=0
348016,https://www.law.go.kr/LSW/precInfoP.do?precSeq=348016&mode=0
348038,https://www.law.go.kr/LSW/precInfoP.do?precSeq=348038&mode=0
348080,https://www.law.go.kr/LSW/precInfoP.do?precSeq=348080&mode=0
348084,https://www.law.go.kr/LSW/precInfoP.do?precSeq=348084&mode=0
348106,https://www.law.go.kr/LSW/precInfoP.do?precSeq=348106&mode=0
348134,https://www.law.go.kr/LSW/precInfoP.do?precSeq=348134&mode=0
348154,https://www.law.go.kr/LSW/precInfoP.do?precSeq=348154&mode=0
348170,https://www.law.go.kr/LSW/precInfoP.do?precSeq=348170&mode=0
348190,https://www.law.go.kr/LSW/precInfoP.do?precSeq=348190&mode=0
348198,https://www.law.go.kr/LSW/precInfoP.do?precSeq=348198&mode=0
348206,https://www.law.go.kr/LSW/precInfoP.do?precSeq=348206&mode=0
348214,https://www.law.go.kr/LSW/precInfoP.do?precSeq=348214&mode=0
348308,https://www.law.go.kr/LSW/precInfoP.do?precSeq=348308&mode=0
348336,https://www.law.go.kr/LSW/precInfoP.do?precSeq=348336&mode=0
348374,https://www.law.go.kr/LSW/precInfoP.do?precSeq=348374&mode=0
348404,https://www.law.go.kr/LSW/precInfoP.do?precSeq=348404&mode=0
348422,https://www.law.go.kr/LSW/precInfoP.do?precSeq=348422&mode=0
348518,https://www.law.go.kr/LSW/precInfoP.do?precSeq=348518&mode=0
348546,https://www.law.go.kr/LSW/precInfoP.do?precSeq=348546&mode=0
348612,https://www.law.go.kr/LSW/precInfoP.do?precSeq=348612&mode=0
348614,https://www.law.go.kr/LSW/precInfoP.do?precSeq=348614&mode=0
348622,https://www.law.go.kr/LSW/precInfoP.do?precSeq=348622&mode=0
348636,https://www.law.go.kr/LSW/precInfoP.do?precSeq=348636&mode=0
348644,https://www.law.go.kr/LSW/precInfoP.do?precSeq=348644&mode=0
348744,https://www.law.go.kr/LSW/precInfoP.do?precSeq=348744&mode=0
348836,https://www.law.go.kr/LSW/precInfoP.do?precSeq=348836&mode=0
348866,https://www.law.go.kr/LSW/precInfoP.do?precSeq=348866&mode=0
348872,https://www.law.go.kr/LSW/precInfoP.do?precSeq=348872&mode=0
348902,https://www.law.go.kr/LSW/precInfoP.do?precSeq=348902&mode=0
348910,https://www.law.go.kr/LSW/precInfoP.do?precSeq=348910&mode=0
348940,https://www.law.go.kr/LSW/precInfoP.do?precSeq=348940&mode=0
348944,https://www.law.go.kr/LSW/precInfoP.do?precSeq=348944&mode=0
348958,https://www.law.go.kr/LSW/precInfoP.do?precSeq=348958&mode=0
348978,https://www.law.go.kr/LSW/precInfoP.do?precSeq=348978&mode=0
348988,https://www.law.go.kr/LSW/precInfoP.do?precSeq=348988&mode=0
348994,https://www.law.go.kr/LSW/precInfoP.do?precSeq=348994&mode=0
349000,https://www.law.go.kr/LSW/precInfoP.do?precSeq=349000&mode=0
349008,https://www.law.go.kr/LSW/precInfoP.do?precSeq=349008&mode=0
349018,https://www.law.go.kr/LSW/precInfoP.do?precSeq=349018&mode=0
349034,https://www.law.go.kr/LSW/precInfoP.do?precSeq=349034&mode=0
349048,https://www.law.go.kr/LSW/precInfoP.do?precSeq=349048&mode=0
349060,https://www.law.go.kr/LSW/precInfoP.do?precSeq=349060&mode=0
349070,https://www.law.go.kr/LSW/precInfoP.do?precSeq=349070&mode=0
349082,https://www.law.go.kr/LSW/precInfoP.do?precSeq=349082&mode=0
349098,https://www.law.go.kr/LSW/precInfoP.do?precSeq=349098&mode=0
349118,https://www.law.go.kr/LSW/precInfoP.do?precSeq=349118&mode=0
349166,https://www.law.go.kr/LSW/precInfoP.do?precSeq=349166&mode=0
349196,https://www.law.go.kr/LSW/precInfoP.do?precSeq=349196&mode=0
349206,https://www.law.go.kr/LSW/precInfoP.do?precSeq=349206&mode=0
349280,https://www.law.go.kr/LSW/precInfoP.do?precSeq=349280&mode=0
349296,https://www.law.go.kr/LSW/precInfoP.do?precSeq=349296&mode=0
349356,https://www.law.go.kr/LSW/precInfoP.do?precSeq=349356&mode=0
349414,https://www.law.go.kr/LSW/precInfoP.do?precSeq=349414&mode=0
349446,https://www.law.go.kr/LSW/precInfoP.do?precSeq=349446&mode=0
349450,https://www.law.go.kr/LSW/precInfoP.do?precSeq=349450&mode=0
349470,https://www.law.go.kr/LSW/precInfoP.do?precSeq=349470&mode=0
349480,https://www.law.go.kr/LSW/precInfoP.do?precSeq=349480&mode=0
349502,https://www.law.go.kr/LSW/precInfoP.do?precSeq=349502&mode=0
349516,https://www.law.go.kr/LSW/precInfoP.do?precSeq=349516&mode=0
349570,https://www.law.go.kr/LSW/precInfoP.do?precSeq=349570&mode=0
349596,https://www.law.go.kr/LSW/precInfoP.do?precSeq=349596&mode=0
349632,https://www.law.go.kr/LSW/precInfoP.do?precSeq=349632&mode=0
349684,https://www.law.go.kr/LSW/precInfoP.do?precSeq=349684&mode=0
349756,https://www.law.go.kr/LSW/precInfoP.do?precSeq=349756&mode=0
349780,https://www.law.go.kr/LSW/precInfoP.do?precSeq=349780&mode=0
349810,https://www.law.go.kr/LSW/precInfoP.do?precSeq=349810&mode=0
349818,https://www.law.go.kr/LSW/precInfoP.do?precSeq=349818&mode=0
349874,https://www.law.go.kr/LSW/precInfoP.do?precSeq=349874&mode=0
349910,https://www.law.go.kr/LSW/precInfoP.do?precSeq=349910&mode=0
349948,https://www.law.go.kr/LSW/precInfoP.do?precSeq=349948&mode=0
349954,https://www.law.go.kr/LSW/precInfoP.do?precSeq=349954&mode=0
349986,https://www.law.go.kr/LSW/precInfoP.do?precSeq=349986&mode=0
349988,https://www.law.go.kr/LSW/precInfoP.do?precSeq=349988&mode=0
350020,https://www.law.go.kr/LSW/precInfoP.do?precSeq=350020&mode=0
350074,https://www.law.go.kr/LSW/precInfoP.do?precSeq=350074&mode=0
350088,https://www.law.go.kr/LSW/precInfoP.do?precSeq=350088&mode=0
350156,https://www.law.go.kr/LSW/precInfoP.do?precSeq=350156&mode=0
350160,https://www.law.go.kr/LSW/precInfoP.do?precSeq=350160&mode=0
350204,https://www.law.go.kr/LSW/precInfoP.do?precSeq=350204&mode=0
350208,https://www.law.go.kr/LSW/precInfoP.do?precSeq=350208&mode=0
350222,https://www.law.go.kr/LSW/precInfoP.do?precSeq=350222&mode=0
350304,https://www.law.go.kr/LSW/precInfoP.do?precSeq=350304&mode=0
350336,https://www.law.go.kr/LSW/precInfoP.do?precSeq=350336&mode=0
350348,https://www.law.go.kr/LSW/precInfoP.do?precSeq=350348&mode=0
350350,https://www.law.go.kr/LSW/precInfoP.do?precSeq=350350&mode=0
350384,https://www.law.go.kr/LSW/precInfoP.do?precSeq=350384&mode=0
350390,https://www.law.go.kr/LSW/precInfoP.do?precSeq=350390&mode=0
350426,https://www.law.go.kr/LSW/precInfoP.do?precSeq=350426&mode=0
350442,https://www.law.go.kr/LSW/precInfoP.do?precSeq=350442&mode=0
350456,https://www.law.go.kr/LSW/precInfoP.do?precSeq=350456&mode=0
350458,https://www.law.go.kr/LSW/precInfoP.do?precSeq=350458&mode=0
350470,https://www.law.go.kr/LSW/precInfoP.do?precSeq=350470&mode=0
350482,https://www.law.go.kr/LSW/precInfoP.do?precSeq=350482&mode=0
350524,https://www.law.go.kr/LSW/precInfoP.do?precSeq=350524&mode=0
350564,https://www.law.go.kr/LSW/precInfoP.do?precSeq=350564&mode=0
350566,https://www.law.go.kr/LSW/precInfoP.do?precSeq=350566&mode=0
350586,https://www.law.go.kr/LSW/precInfoP.do?precSeq=350586&mode=0
350602,https://www.law.go.kr/LSW/precInfoP.do?precSeq=350602&mode=0
350632,https://www.law.go.kr/LSW/precInfoP.do?precSeq=350632&mode=0
350634,https://www.law.go.kr/LSW/precInfoP.do?precSeq=350634&mode=0
350658,https://www.law.go.kr/LSW/precInfoP.do?precSeq=350658&mode=0
350662,https://www.law.go.kr/LSW/precInfoP.do?precSeq=350662&mode=0
350674,https://www.law.go.kr/LSW/precInfoP.do?precSeq=350674&mode=0
350688,https://www.law.go.kr/LSW/precInfoP.do?precSeq=350688&mode=0
350690,https://www.law.go.kr/LSW/precInfoP.do?precSeq=350690&mode=0
350698,https://www.law.go.kr/LSW/precInfoP.do?precSeq=350698&mode=0
350724,https://www.law.go.kr/LSW/precInfoP.do?precSeq=350724&mode=0
350752,https://www.law.go.kr/LSW/precInfoP.do?precSeq=350752&mode=0
350758,https://www.law.go.kr/LSW/precInfoP.do?precSeq=350758&mode=0
350774,https://www.law.go.kr/LSW/precInfoP.do?precSeq=350774&mode=0
350782,https://www.law.go.kr/LSW/precInfoP.do?precSeq=350782&mode=0
350784,https://www.law.go.kr/LSW/precInfoP.do?precSeq=350784&mode=0
350816,https://www.law.go.kr/LSW/precInfoP.do?precSeq=350816&mode=0
350840,https://www.law.go.kr/LSW/precInfoP.do?precSeq=350840&mode=0
350876,https://www.law.go.kr/LSW/precInfoP.do?precSeq=350876&mode=0
351008,https://www.law.go.kr/LSW/precInfoP.do?precSeq=351008&mode=0
351054,https://www.law.go.kr/LSW/precInfoP.do?precSeq=351054&mode=0
351068,https://www.law.go.kr/LSW/precInfoP.do?precSeq=351068&mode=0
351078,https://www.law.go.kr/LSW/precInfoP.do?precSeq=351078&mode=0
351128,https://www.law.go.kr/LSW/precInfoP.do?precSeq=351128&mode=0
351134,https://www.law.go.kr/LSW/precInfoP.do?precSeq=351134&mode=0
351338,https://www.law.go.kr/LSW/precInfoP.do?precSeq=351338&mode=0
351368,https://www.law.go.kr/LSW/precInfoP.do?precSeq=351368&mode=0
351382,https://www.law.go.kr/LSW/precInfoP.do?precSeq=351382&mode=0
351486,https://www.law.go.kr/LSW/precInfoP.do?precSeq=351486&mode=0
351494,https://www.law.go.kr/LSW/precInfoP.do?precSeq=351494&mode=0
351528,https://www.law.go.kr/LSW/precInfoP.do?precSeq=351528&mode=0
351538,https://www.law.go.kr/LSW/precInfoP.do?precSeq=351538&mode=0
351570,https://www.law.go.kr/LSW/precInfoP.do?precSeq=351570&mode=0
351592,https://www.law.go.kr/LSW/precInfoP.do?precSeq=351592&mode=0
351614,https://www.law.go.kr/LSW/precInfoP.do?precSeq=351614&mode=0
351628,https://www.law.go.kr/LSW/precInfoP.do?precSeq=351628&mode=0
351634,https://www.law.go.kr/LSW/precInfoP.do?precSeq=351634&mode=0
351648,https://www.law.go.kr/LSW/precInfoP.do?precSeq=351648&mode=0
351702,https://www.law.go.kr/LSW/precInfoP.do?precSeq=351702&mode=0
351726,https://www.law.go.kr/LSW/precInfoP.do?precSeq=351726&mode=0
351736,https://www.law.go.kr/LSW/precInfoP.do?precSeq=351736&mode=0
351744,https://www.law.go.kr/LSW/precInfoP.do?precSeq=351744&mode=0
351754,https://www.law.go.kr/LSW/precInfoP.do?precSeq=351754&mode=0
351764,https://www.law.go.kr/LSW/precInfoP.do?precSeq=351764&mode=0
351782,https://www.law.go.kr/LSW/precInfoP.do?precSeq=351782&mode=0
351804,https://www.law.go.kr/LSW/precInfoP.do?precSeq=351804&mode=0
351836,https://www.law.go.kr/LSW/precInfoP.do?precSeq=351836&mode=0
351870,https://www.law.go.kr/LSW/precInfoP.do?precSeq=351870&mode=0
351876,https://www.law.go.kr/LSW/precInfoP.do?precSeq=351876&mode=0
351906,https://www.law.go.kr/LSW/precInfoP.do?precSeq=351906&mode=0
351918,https://www.law.go.kr/LSW/precInfoP.do?precSeq=351918&mode=0
351972,https://www.law.go.kr/LSW/precInfoP.do?precSeq=351972&mode=0
351974,https://www.law.go.kr/LSW/precInfoP.do?precSeq=351974&mode=0
353270,https://www.law.go.kr/LSW/precInfoP.do?precSeq=353270&mode=0
353406,https://www.law.go.kr/LSW/precInfoP.do?precSeq=353406&mode=0
354074,https://www.law.go.kr/LSW/precInfoP.do?precSeq=354074&mode=0
354244,https://www.law.go.kr/LSW/precInfoP.do?precSeq=354244&mode=0
354416,https://www.law.go.kr/LSW/precInfoP.do?precSeq=354416&mode=0
354432,https://www.law.go.kr/LSW/precInfoP.do?precSeq=354432&mode=0
354434,https://www.law.go.kr/LSW/precInfoP.do?precSeq=354434&mode=0
354498,https://www.law.go.kr/LSW/precInfoP.do?precSeq=354498&mode=0
354506,https://www.law.go.kr/LSW/precInfoP.do?precSeq=354506&mode=0
354534,https://www.law.go.kr/LSW/precInfoP.do?precSeq=354534&mode=0
354592,https://www.law.go.kr/LSW/precInfoP.do?precSeq=354592&mode=0
354658,https://www.law.go.kr/LSW/precInfoP.do?precSeq=354658&mode=0
355674,https://www.law.go.kr/LSW/precInfoP.do?precSeq=355674&mode=0
357646,https://www.law.go.kr/LSW/precInfoP.do?precSeq=357646&mode=0
358296,https://www.law.go.kr/LSW/precInfoP.do?precSeq=358296&mode=0
358324,https://www.law.go.kr/LSW/precInfoP.do?precSeq=358324&mode=0
358456,https://www.law.go.kr/LSW/precInfoP.do?precSeq=358456&mode=0
358502,https://www.law.go.kr/LSW/precInfoP.do?precSeq=358502&mode=0
358730,https://www.law.go.kr/LSW/precInfoP.do?precSeq=358730&mode=0
358766,https://www.law.go.kr/LSW/precInfoP.do?precSeq=358766&mode=0
358846,https://www.law.go.kr/LSW/precInfoP.do?precSeq=358846&mode=0
358856,https://www.law.go.kr/LSW/precInfoP.do?precSeq=358856&mode=0
359174,https://www.law.go.kr/LSW/precInfoP.do?precSeq=359174&mode=0
359290,https://www.law.go.kr/LSW/precInfoP.do?precSeq=359290&mode=0
360152,https://www.law.go.kr/LSW/precInfoP.do?precSeq=360152&mode=0
417460,https://www.law.go.kr/LSW/precInfoP.do?precSeq=417460&mode=0
417480,https://www.law.go.kr/LSW/precInfoP.do?precSeq=417480&mode=0
417488,https://www.law.go.kr/LSW/precInfoP.do?precSeq=417488&mode=0
417502,https://www.law.go.kr/LSW/precInfoP.do?precSeq=417502&mode=0
417510,https://www.law.go.kr/LSW/precInfoP.do?precSeq=417510&mode=0
417524,https://www.law.go.kr/LSW/precInfoP.do?precSeq=417524&mode=0
417528,https://www.law.go.kr/LSW/precInfoP.do?precSeq=417528&mode=0
417556,https://www.law.go.kr/LSW/precInfoP.do?precSeq=417556&mode=0
417558,https://www.law.go.kr/LSW/precInfoP.do?precSeq=417558&mode=0
417568,https://www.law.go.kr/LSW/precInfoP.do?precSeq=417568&mode=0
417582,https://www.law.go.kr/LSW/precInfoP.do?precSeq=417582&mode=0
417600,https://www.law.go.kr/LSW/precInfoP.do?precSeq=417600&mode=0
417616,https://www.law.go.kr/LSW/precInfoP.do?precSeq=417616&mode=0
417618,https://www.law.go.kr/LSW/precInfoP.do?precSeq=417618&mode=0
417622,https://www.law.go.kr/LSW/precInfoP.do?precSeq=417622&mode=0
417634,https://www.law.go.kr/LSW/precInfoP.do?precSeq=417634&mode=0
417638,https://www.law.go.kr/LSW/precInfoP.do?precSeq=417638&mode=0
417660,https://www.law.go.kr/LSW/precInfoP.do?precSeq=417660&mode=0
417664,https://www.law.go.kr/LSW/precInfoP.do?precSeq=417664&mode=0
417702,https://www.law.go.kr/LSW/precInfoP.do?precSeq=417702&mode=0
417710,https://www.law.go.kr/LSW/precInfoP.do?precSeq=417710&mode=0
417722,https://www.law.go.kr/LSW/precInfoP.do?precSeq=417722&mode=0
417736,https://www.law.go.kr/LSW/precInfoP.do?precSeq=417736&mode=0
417756,https://www.law.go.kr/LSW/precInfoP.do?precSeq=417756&mode=0
417762,https://www.law.go.kr/LSW/precInfoP.do?precSeq=417762&mode=0
417764,https://www.law.go.kr/LSW/precInfoP.do?precSeq=417764&mode=0
417780,https://www.law.go.kr/LSW/precInfoP.do?precSeq=417780&mode=0
417782,https://www.law.go.kr/LSW/precInfoP.do?precSeq=417782&mode=0
417796,https://www.law.go.kr/LSW/precInfoP.do?precSeq=417796&mode=0
417812,https://www.law.go.kr/LSW/precInfoP.do?precSeq=417812&mode=0
417816,https://www.law.go.kr/LSW/precInfoP.do?precSeq=417816&mode=0
417824,https://www.law.go.kr/LSW/precInfoP.do?precSeq=417824&mode=0
417826,https://www.law.go.kr/LSW/precInfoP.do?precSeq=417826&mode=0
417838,https://www.law.go.kr/LSW/precInfoP.do?precSeq=417838&mode=0
417844,https://www.law.go.kr/LSW/precInfoP.do?precSeq=417844&mode=0
417906,https://www.law.go.kr/LSW/precInfoP.do?precSeq=417906&mode=0
417918,https://www.law.go.kr/LSW/precInfoP.do?precSeq=417918&mode=0
417956,https://www.law.go.kr/LSW/precInfoP.do?precSeq=417956&mode=0
417978,https://www.law.go.kr/LSW/precInfoP.do?precSeq=417978&mode=0
417992,https://www.law.go.kr/LSW/precInfoP.do?precSeq=417992&mode=0
418002,https://www.law.go.kr/LSW/precInfoP.do?precSeq=418002&mode=0
418004,https://www.law.go.kr/LSW/precInfoP.do?precSeq=418004&mode=0
418072,https://www.law.go.kr/LSW/precInfoP.do?precSeq=418072&mode=0
418074,https://www.law.go.kr/LSW/precInfoP.do?precSeq=418074&mode=0
418092,https://www.law.go.kr/LSW/precInfoP.do?precSeq=418092&mode=0
418094,https://www.law.go.kr/LSW/precInfoP.do?precSeq=418094&mode=0
418128,https://www.law.go.kr/LSW/precInfoP.do?precSeq=418128&mode=0
418136,https://www.law.go.kr/LSW/precInfoP.do?precSeq=418136&mode=0
418144,https://www.law.go.kr/LSW/precInfoP.do?precSeq=418144&mode=0
418152,https://www.law.go.kr/LSW/precInfoP.do?precSeq=418152&mode=0
418158,https://www.law.go.kr/LSW/precInfoP.do?precSeq=418158&mode=0
418170,https://www.law.go.kr/LSW/precInfoP.do?precSeq=418170&mode=0
418174,https://www.law.go.kr/LSW/precInfoP.do?precSeq=418174&mode=0
418224,https://www.law.go.kr/LSW/precInfoP.do?precSeq=418224&mode=0
418240,https://www.law.go.kr/LSW/precInfoP.do?precSeq=418240&mode=0
418244,https://www.law.go.kr/LSW/precInfoP.do?precSeq=418244&mode=0
418246,https://www.law.go.kr/LSW/precInfoP.do?precSeq=418246&mode=0
418278,https://www.law.go.kr/LSW/precInfoP.do?precSeq=418278&mode=0
418292,https://www.law.go.kr/LSW/precInfoP.do?precSeq=418292&mode=0
418294,https://www.law.go.kr/LSW/precInfoP.do?precSeq=418294&mode=0
418324,https://www.law.go.kr/LSW/precInfoP.do?precSeq=418324&mode=0
418344,https://www.law.go.kr/LSW/precInfoP.do?precSeq=418344&mode=0
418346,https://www.law.go.kr/LSW/precInfoP.do?precSeq=418346&mode=0
418374,https://www.law.go.kr/LSW/precInfoP.do?precSeq=418374&mode=0
418388,https://www.law.go.kr/LSW/precInfoP.do?precSeq=418388&mode=0
418402,https://www.law.go.kr/LSW/precInfoP.do?precSeq=418402&mode=0
418424,https://www.law.go.kr/LSW/precInfoP.do?precSeq=418424&mode=0
418436,https://www.law.go.kr/LSW/precInfoP.do?precSeq=418436&mode=0
418478,https://www.law.go.kr/LSW/precInfoP.do?precSeq=418478&mode=0
418514,https://www.law.go.kr/LSW/precInfoP.do?precSeq=418514&mode=0
418530,https://www.law.go.kr/LSW/precInfoP.do?precSeq=418530&mode=0
418546,https://www.law.go.kr/LSW/precInfoP.do?precSeq=418546&mode=0
418550,https://www.law.go.kr/LSW/precInfoP.do?precSeq=418550&mode=0
418568,https://www.law.go.kr/LSW/precInfoP.do?precSeq=418568&mode=0
418584,https://www.law.go.kr/LSW/precInfoP.do?precSeq=418584&mode=0
418604,https://www.law.go.kr/LSW/precInfoP.do?precSeq=418604&mode=0
418612,https://www.law.go.kr/LSW/precInfoP.do?precSeq=418612&mode=0
418614,https://www.law.go.kr/LSW/precInfoP.do?precSeq=418614&mode=0
418616,https://www.law.go.kr/LSW/precInfoP.do?precSeq=418616&mode=0
418620,https://www.law.go.kr/LSW/precInfoP.do?precSeq=418620&mode=0
418622,https://www.law.go.kr/LSW/precInfoP.do?precSeq=418622&mode=0
418624,https://www.law.go.kr/LSW/precInfoP.do?precSeq=418624&mode=0
418638,https://www.law.go.kr/LSW/precInfoP.do?precSeq=418638&mode=0
418670,https://www.law.go.kr/LSW/precInfoP.do?precSeq=418670&mode=0
418676,https://www.law.go.kr/LSW/precInfoP.do?precSeq=418676&mode=0
418684,https://www.law.go.kr/LSW/precInfoP.do?precSeq=418684&mode=0
418692,https://www.law.go.kr/LSW/precInfoP.do?precSeq=418692&mode=0
418784,https://www.law.go.kr/LSW/precInfoP.do?precSeq=418784&mode=0
418806,https://www.law.go.kr/LSW/precInfoP.do?precSeq=418806&mode=0
418808,https://www.law.go.kr/LSW/precInfoP.do?precSeq=418808&mode=0
418822,https://www.law.go.kr/LSW/precInfoP.do?precSeq=418822&mode=0
418824,https://www.law.go.kr/LSW/precInfoP.do?precSeq=418824&mode=0
418848,https://www.law.go.kr/LSW/precInfoP.do?precSeq=418848&mode=0
418852,https://www.law.go.kr/LSW/precInfoP.do?precSeq=418852&mode=0
418860,https://www.law.go.kr/LSW/precInfoP.do?precSeq=418860&mode=0
418904,https://www.law.go.kr/LSW/precInfoP.do?precSeq=418904&mode=0
418930,https://www.law.go.kr/LSW/precInfoP.do?precSeq=418930&mode=0
418938,https://www.law.go.kr/LSW/precInfoP.do?precSeq=418938&mode=0
499163,https://www.law.go.kr/LSW/precInfoP.do?precSeq=499163&mode=0
499239,https://www.law.go.kr/LSW/precInfoP.do?precSeq=499239&mode=0
500993,https://www.law.go.kr/LSW/precInfoP.do?precSeq=500993&mode=0
500995,https://www.law.go.kr/LSW/precInfoP.do?precSeq=500995&mode=0
501671,https://www.law.go.kr/LSW/precInfoP.do?precSeq=501671&mode=0
501677,https://www.law.go.kr/LSW/precInfoP.do?precSeq=501677&mode=0
603463,https://www.law.go.kr/LSW/precInfoP.do?precSeq=603463&mode=0
603511,https://www.law.go.kr/LSW/precInfoP.do?precSeq=603511&mode=0
603513,https://www.law.go.kr/LSW/precInfoP.do?precSeq=603513&mode=0
603625,https://www.law.go.kr/LSW/precInfoP.do?precSeq=603625&mode=0
604957,https://www.law.go.kr/LSW/precInfoP.do?precSeq=604957&mode=0
605127,https://www.law.go.kr/LSW/precInfoP.do?precSeq=605127&mode=0
605331,https://www.law.go.kr/LSW/precInfoP.do?precSeq=605331&mode=0
605441,https://www.law.go.kr/LSW/precInfoP.do?precSeq=605441&mode=0
605495,https://www.law.go.kr/LSW/precInfoP.do?precSeq=605495&mode=0
605715,https://www.law.go.kr/LSW/precInfoP.do?precSeq=605715&mode=0
605719,https://www.law.go.kr/LSW/precInfoP.do?precSeq=605719&mode=0
605901,https://www.law.go.kr/LSW/precInfoP.do?precSeq=605901&mode=0
606053,https://www.law.go.kr/LSW/precInfoP.do?precSeq=606053&mode=0
606133,https://www.law.go.kr/LSW/precInfoP.do?precSeq=606133&mode=0
606317,https://www.law.go.kr/LSW/precInfoP.do?precSeq=606317&mode=0
606699,https://www.law.go.kr/LSW/precInfoP.do?precSeq=606699&mode=0
70802,https://www.law.go.kr/LSW/precInfoP.do?precSeq=70802&mode=0
70983,https://www.law.go.kr/LSW/precInfoP.do?precSeq=70983&mode=0
71063,https://www.law.go.kr/LSW/precInfoP.do?precSeq=71063&mode=0
